time,symbol,expiry,strike,option_type,open,high,low,close,volume
2026-05-25 03:45:00+00,NIFTY,2026-05-26,23800,CE,185,219.95,177,205.4,1521000
2026-05-25 03:45:00+00,NIFTY,2026-05-26,23800,PE,61,74,45.05,52.9,1087320
2026-05-25 03:45:00+00,BANKNIFTY,2026-05-26,54000,CE,702,909.65,680,881.95,56400
2026-05-25 03:45:00+00,BANKNIFTY,2026-05-26,54000,PE,109.95,124.95,62.75,65.8,134370
2026-05-25 03:46:00+00,NIFTY,2026-05-26,23950,CE,115.5,124.1,115.15,117.65,2983045
2026-05-25 03:47:00+00,NIFTY,2026-05-26,23950,CE,121.5,125.55,119.35,124.2,1812265
2026-05-25 03:48:00+00,NIFTY,2026-05-26,23950,CE,125.4,131.95,124.65,126.05,2086435
2026-05-25 03:49:00+00,NIFTY,2026-05-26,23950,CE,127,127,122.75,124,1096810
2026-05-25 03:50:00+00,NIFTY,2026-05-26,23950,CE,125.8,126.2,121.75,122.05,593580
2026-05-25 03:46:00+00,NIFTY,2026-05-26,23950,PE,101.45,101.9,91.35,96.8,2704065
2026-05-25 03:47:00+00,NIFTY,2026-05-26,23950,PE,95.3,96.15,90,92.15,1887925
2026-05-25 03:48:00+00,NIFTY,2026-05-26,23950,PE,92.05,93.3,88.7,92.5,1566435
2026-05-25 03:49:00+00,NIFTY,2026-05-26,23950,PE,91.55,96.5,91.4,96.15,1524965
2026-05-25 03:50:00+00,NIFTY,2026-05-26,23950,PE,94.3,97.5,93.9,96.45,791895
2026-05-25 03:46:00+00,BANKNIFTY,2026-05-26,54900,CE,275.7,308.05,275.7,284.5,102690
2026-05-25 03:47:00+00,BANKNIFTY,2026-05-26,54900,CE,285.8,318,284.8,317.5,98490
2026-05-25 03:48:00+00,BANKNIFTY,2026-05-26,54900,CE,313.7,330.75,313.7,318.95,167280
2026-05-25 03:49:00+00,BANKNIFTY,2026-05-26,54900,CE,313.45,328,306.8,326.9,91410
2026-05-25 03:50:00+00,BANKNIFTY,2026-05-26,54900,CE,326.95,332.65,314.15,322.5,42030
2026-05-25 03:46:00+00,BANKNIFTY,2026-05-26,54900,PE,335.95,348.2,318.25,342.65,40830
2026-05-25 03:47:00+00,BANKNIFTY,2026-05-26,54900,PE,339.9,343,295.6,298.85,58920
2026-05-25 03:48:00+00,BANKNIFTY,2026-05-26,54900,PE,297.85,304.5,290,301.35,79830
2026-05-25 03:49:00+00,BANKNIFTY,2026-05-26,54900,PE,305.4,314.5,298.95,299,71490
2026-05-25 03:50:00+00,BANKNIFTY,2026-05-26,54900,PE,298.7,308.8,298.7,303.3,19770
2026-05-25 03:51:00+00,NIFTY,2026-05-26,24000,CE,99,100.75,96.1,98.4,2812550
2026-05-25 03:52:00+00,NIFTY,2026-05-26,24000,CE,97.75,101.55,95.75,96.05,2633345
2026-05-25 03:53:00+00,NIFTY,2026-05-26,24000,CE,95.05,101.35,92.1,101.15,4244305
2026-05-25 03:54:00+00,NIFTY,2026-05-26,24000,CE,100.9,105.9,98.65,98.95,5038280
2026-05-25 03:55:00+00,NIFTY,2026-05-26,24000,CE,99.2,105.15,98.25,105.15,1329250
2026-05-25 03:51:00+00,NIFTY,2026-05-26,24000,PE,116.85,120.6,115.9,117.5,986570
2026-05-25 03:52:00+00,NIFTY,2026-05-26,24000,PE,117.2,120.5,114.2,120.5,1210950
2026-05-25 03:53:00+00,NIFTY,2026-05-26,24000,PE,120.7,124.45,113.65,114.35,2287220
2026-05-25 03:54:00+00,NIFTY,2026-05-26,24000,PE,114.15,116.05,108.65,115.35,2231580
2026-05-25 03:55:00+00,NIFTY,2026-05-26,24000,PE,115.65,115.65,110.05,110.05,565435
2026-05-25 03:51:00+00,BANKNIFTY,2026-05-26,54900,CE,311.25,319,311.25,314.25,53100
2026-05-25 03:52:00+00,BANKNIFTY,2026-05-26,54900,CE,313.85,320.65,310,318.9,83340
2026-05-25 03:53:00+00,BANKNIFTY,2026-05-26,54900,CE,314.9,335,301,335,119640
2026-05-25 03:54:00+00,BANKNIFTY,2026-05-26,54900,CE,335.75,355,334.3,345.6,171540
2026-05-25 03:55:00+00,BANKNIFTY,2026-05-26,54900,CE,347.2,366,344.45,364.95,46650
2026-05-25 03:51:00+00,BANKNIFTY,2026-05-26,54900,PE,311.55,313.7,307,310.8,41760
2026-05-25 03:52:00+00,BANKNIFTY,2026-05-26,54900,PE,309.75,312,295,296.5,44490
2026-05-25 03:53:00+00,BANKNIFTY,2026-05-26,54900,PE,299.95,311.15,284.65,287.4,60090
2026-05-25 03:54:00+00,BANKNIFTY,2026-05-26,54900,PE,286.6,286.65,265.1,269.4,68010
2026-05-25 03:55:00+00,BANKNIFTY,2026-05-26,54900,PE,269.65,272.6,257.85,260.2,37230
2026-05-25 03:56:00+00,NIFTY,2026-05-26,24000,CE,104.25,104.25,100.55,100.9,2068040
2026-05-25 03:57:00+00,NIFTY,2026-05-26,24000,CE,100,102.75,97.55,102.75,2156440
2026-05-25 03:58:00+00,NIFTY,2026-05-26,24000,CE,102,102.9,98.75,101.8,1616095
2026-05-25 03:59:00+00,NIFTY,2026-05-26,24000,CE,101.4,103.35,100.1,103,1596920
2026-05-25 04:00:00+00,NIFTY,2026-05-26,24000,CE,104.4,104.4,101.45,103,1235975
2026-05-25 03:56:00+00,NIFTY,2026-05-26,24000,PE,110.75,113.3,110.4,113,1104805
2026-05-25 03:57:00+00,NIFTY,2026-05-26,24000,PE,113.45,118.45,112.1,112.1,2125435
2026-05-25 03:58:00+00,NIFTY,2026-05-26,24000,PE,113,115.2,112.3,112.85,903890
2026-05-25 03:59:00+00,NIFTY,2026-05-26,24000,PE,112.45,114.85,111.5,112.85,683995
2026-05-25 04:00:00+00,NIFTY,2026-05-26,24000,PE,111.85,113.85,111.65,112.55,533715
2026-05-25 03:56:00+00,BANKNIFTY,2026-05-26,54900,CE,358.5,358.5,345.45,353.55,60540
2026-05-25 03:57:00+00,BANKNIFTY,2026-05-26,54900,CE,351.95,354.1,338.1,351.45,63510
2026-05-25 03:58:00+00,BANKNIFTY,2026-05-26,54900,CE,349.9,359.2,346.95,355.3,66570
2026-05-25 03:59:00+00,BANKNIFTY,2026-05-26,54900,CE,357.85,357.85,348.6,352.7,42360
2026-05-25 04:00:00+00,BANKNIFTY,2026-05-26,54900,CE,353.55,353.7,345.55,353.4,37950
2026-05-25 03:56:00+00,BANKNIFTY,2026-05-26,54900,PE,260,267.15,257.45,261.75,46950
2026-05-25 03:57:00+00,BANKNIFTY,2026-05-26,54900,PE,264.1,273.2,259,260.15,41640
2026-05-25 03:58:00+00,BANKNIFTY,2026-05-26,54900,PE,260.55,264.3,253.7,253.7,41790
2026-05-25 03:59:00+00,BANKNIFTY,2026-05-26,54900,PE,253.4,264.5,252.05,261.6,31530
2026-05-25 04:00:00+00,BANKNIFTY,2026-05-26,54900,PE,259.35,263.85,252.65,253.8,29820
2026-05-25 05:06:00+00,NIFTY,2026-05-26,24000,CE,96.5,98.25,96.4,97.95,2972840
2026-05-25 05:07:00+00,NIFTY,2026-05-26,24000,CE,99,99.75,97.35,99.15,2629705
2026-05-25 05:08:00+00,NIFTY,2026-05-26,24000,CE,99.15,100.1,97.35,97.65,2308410
2026-05-25 05:09:00+00,NIFTY,2026-05-26,24000,CE,97.85,97.85,95.2,97.7,1625845
2026-05-25 05:10:00+00,NIFTY,2026-05-26,24000,CE,98.85,102.75,98.35,102.3,2211040
2026-05-25 05:06:00+00,NIFTY,2026-05-26,24000,PE,99.5,101.1,98.65,98.75,1987700
2026-05-25 05:07:00+00,NIFTY,2026-05-26,24000,PE,97.6,99.2,96.55,97.05,1578330
2026-05-25 05:08:00+00,NIFTY,2026-05-26,24000,PE,96.8,99.75,96.6,99.3,1143935
2026-05-25 05:09:00+00,NIFTY,2026-05-26,24000,PE,99.15,102,99.15,99.9,1244165
2026-05-25 05:10:00+00,NIFTY,2026-05-26,24000,PE,98.8,98.8,95,95.8,1081080
2026-05-25 05:06:00+00,BANKNIFTY,2026-05-26,55100,CE,296.05,297.75,284.35,288.4,75720
2026-05-25 05:07:00+00,BANKNIFTY,2026-05-26,55100,CE,292.8,299,285,292.5,52080
2026-05-25 05:08:00+00,BANKNIFTY,2026-05-26,55100,CE,292.25,295.4,288.15,288.4,43350
2026-05-25 05:09:00+00,BANKNIFTY,2026-05-26,55100,CE,289.85,296.15,287.7,295.65,34140
2026-05-25 05:10:00+00,BANKNIFTY,2026-05-26,55100,CE,296.95,303.7,294.5,301.2,52500
2026-05-25 05:06:00+00,BANKNIFTY,2026-05-26,55100,PE,269.75,278,269.05,276.25,38520
2026-05-25 05:07:00+00,BANKNIFTY,2026-05-26,55100,PE,274.65,281.75,272,276.05,29850
2026-05-25 05:08:00+00,BANKNIFTY,2026-05-26,55100,PE,276.45,281.85,276.4,280.4,17670
2026-05-25 05:09:00+00,BANKNIFTY,2026-05-26,55100,PE,280.25,283,275.05,275.05,27240
2026-05-25 05:10:00+00,BANKNIFTY,2026-05-26,55100,PE,273.95,275.4,269.45,270,22710
2026-05-25 05:26:00+00,NIFTY,2026-05-26,24000,CE,91.95,93.85,91.7,93.1,778310
2026-05-25 05:27:00+00,NIFTY,2026-05-26,24000,CE,92.9,93.45,90.75,90.85,1007890
2026-05-25 05:28:00+00,NIFTY,2026-05-26,24000,CE,91,91.3,89.6,89.7,1324960
2026-05-25 05:29:00+00,NIFTY,2026-05-26,24000,CE,90,91.65,89.35,90,977795
2026-05-25 05:30:00+00,NIFTY,2026-05-26,24000,CE,90.15,90.8,88.6,90.2,1034280
2026-05-25 05:26:00+00,NIFTY,2026-05-26,24000,PE,104.7,104.7,102.1,103.7,629980
2026-05-25 05:27:00+00,NIFTY,2026-05-26,24000,PE,103.55,105.6,102.95,105.5,927030
2026-05-25 05:28:00+00,NIFTY,2026-05-26,24000,PE,105.7,106.25,105.15,106.25,1065870
2026-05-25 05:29:00+00,NIFTY,2026-05-26,24000,PE,106.15,106.35,103.75,105.25,794430
2026-05-25 05:30:00+00,NIFTY,2026-05-26,24000,PE,105.1,106.8,104.65,105.2,705380
2026-05-25 05:26:00+00,BANKNIFTY,2026-05-26,55000,CE,331.55,339.55,331.55,338.25,31350
2026-05-25 05:27:00+00,BANKNIFTY,2026-05-26,55000,CE,337.8,337.8,322.7,327.25,76620
2026-05-25 05:28:00+00,BANKNIFTY,2026-05-26,55000,CE,327.8,332.4,325.6,329.1,66660
2026-05-25 05:29:00+00,BANKNIFTY,2026-05-26,55000,CE,329,342,329,339.95,57330
2026-05-25 05:30:00+00,BANKNIFTY,2026-05-26,55000,CE,339.25,341.8,332.6,334.75,24090
2026-05-25 05:26:00+00,BANKNIFTY,2026-05-26,55000,PE,245.5,245.5,241.4,243.4,33780
2026-05-25 05:27:00+00,BANKNIFTY,2026-05-26,55000,PE,242.8,250.05,242.8,249.35,71160
2026-05-25 05:28:00+00,BANKNIFTY,2026-05-26,55000,PE,249.55,250.95,246.45,249.45,52440
2026-05-25 05:29:00+00,BANKNIFTY,2026-05-26,55000,PE,249,249,235.2,240.1,75330
2026-05-25 05:30:00+00,BANKNIFTY,2026-05-26,55000,PE,239.9,245.25,238,244.15,19770
2026-05-25 05:35:00+00,NIFTY,2026-05-26,24000,CE,92.85,94.75,91.1,91.3,1897740
2026-05-25 05:31:00+00,NIFTY,2026-05-26,24000,PE,106.1,106.3,104.75,105.7,572520
2026-05-25 05:32:00+00,NIFTY,2026-05-26,24000,PE,106,108.2,105.75,106.6,1041105
2026-05-25 05:33:00+00,NIFTY,2026-05-26,24000,PE,106.85,107.6,104.4,104.4,673920
2026-05-25 05:34:00+00,NIFTY,2026-05-26,24000,PE,103.85,104.8,101.95,102.15,1072565
2026-05-25 05:35:00+00,NIFTY,2026-05-26,24000,PE,101.55,103.5,99.35,102.9,1266590
2026-05-25 05:31:00+00,BANKNIFTY,2026-05-26,55100,CE,272.5,276.4,271.1,271.95,22320
2026-05-25 05:32:00+00,BANKNIFTY,2026-05-26,55100,CE,271.45,275.95,265.75,275,40350
2026-05-25 05:33:00+00,BANKNIFTY,2026-05-26,55100,CE,274.45,284.6,274.45,284.6,29220
2026-05-25 05:34:00+00,BANKNIFTY,2026-05-26,55100,CE,287.65,295,287,295,85860
2026-05-25 05:35:00+00,BANKNIFTY,2026-05-26,55100,CE,293.2,294.55,288,288.45,33990
2026-05-25 05:31:00+00,BANKNIFTY,2026-05-26,55100,PE,295.4,298,293.05,297.45,28710
2026-05-25 05:32:00+00,BANKNIFTY,2026-05-26,55100,PE,297.9,300,292.3,293.2,24060
2026-05-25 05:33:00+00,BANKNIFTY,2026-05-26,55100,PE,293.5,295,280.55,280.55,27750
2026-05-25 05:34:00+00,BANKNIFTY,2026-05-26,55100,PE,277.5,278.7,273.15,274.65,39750
2026-05-25 05:35:00+00,BANKNIFTY,2026-05-26,55100,PE,274.45,282.15,274.45,281.2,12090
2026-05-25 05:36:00+00,NIFTY,2026-05-26,24000,CE,90.6,92.1,89.1,91.9,1094080
2026-05-25 05:37:00+00,NIFTY,2026-05-26,24000,CE,91.85,92.2,89.55,89.8,597220
2026-05-25 05:38:00+00,NIFTY,2026-05-26,24000,CE,89.6,90.9,88.75,90.8,560495
2026-05-25 05:39:00+00,NIFTY,2026-05-26,24000,CE,90.75,91.5,89.55,89.55,464945
2026-05-25 05:40:00+00,NIFTY,2026-05-26,24000,CE,90,90.55,88.75,89.1,415610
2026-05-25 04:01:00+00,NIFTY,2026-05-26,23950,CE,122.8,125.9,118.35,119.05,1442025
2026-05-25 04:02:00+00,NIFTY,2026-05-26,23950,CE,118.8,121.35,115.1,118.35,1406600
2026-05-25 04:03:00+00,NIFTY,2026-05-26,23950,CE,117.85,124.4,117.85,121.35,1277055
2026-05-25 04:04:00+00,NIFTY,2026-05-26,23950,CE,120.55,121.55,116.2,119.35,839670
2026-05-25 04:05:00+00,NIFTY,2026-05-26,23950,CE,118.6,118.6,115.6,117.3,374920
2026-05-25 04:01:00+00,NIFTY,2026-05-26,23950,PE,94,98.4,92.05,98.05,2169180
2026-05-25 04:02:00+00,NIFTY,2026-05-26,23950,PE,97.55,100.2,95.6,97.5,2315235
2026-05-25 04:03:00+00,NIFTY,2026-05-26,23950,PE,97.9,98,92.35,95,1444105
2026-05-25 04:04:00+00,NIFTY,2026-05-26,23950,PE,94.9,99.55,94.45,96.95,1396460
2026-05-25 04:05:00+00,NIFTY,2026-05-26,23950,PE,97.8,100.4,97.8,99.15,841815
2026-05-25 04:01:00+00,BANKNIFTY,2026-05-26,54900,CE,345.65,352.05,341.65,348.85,34920
2026-05-25 04:02:00+00,BANKNIFTY,2026-05-26,54900,CE,347.85,358.85,346.6,351.5,61320
2026-05-25 04:03:00+00,BANKNIFTY,2026-05-26,54900,CE,350.05,353.4,343.45,344.65,39900
2026-05-25 04:04:00+00,BANKNIFTY,2026-05-26,54900,CE,341,348.15,336.1,347.6,51060
2026-05-25 04:05:00+00,BANKNIFTY,2026-05-26,54900,CE,341.65,345.1,333.9,339.5,21480
2026-05-25 04:01:00+00,BANKNIFTY,2026-05-26,54900,PE,261.85,263.7,255,255.2,33090
2026-05-25 04:02:00+00,BANKNIFTY,2026-05-26,54900,PE,257.55,263.15,250,259,46470
2026-05-25 04:03:00+00,BANKNIFTY,2026-05-26,54900,PE,261,266.65,258.7,266.35,46500
2026-05-25 04:04:00+00,BANKNIFTY,2026-05-26,54900,PE,267.95,272.25,264.05,268.05,54330
2026-05-25 04:05:00+00,BANKNIFTY,2026-05-26,54900,PE,272,275.35,269.65,269.85,29970
2026-05-25 04:06:00+00,NIFTY,2026-05-26,23950,CE,113.7,115.55,111,113.65,1378845
2026-05-25 04:07:00+00,NIFTY,2026-05-26,23950,CE,113.5,117.4,111.9,116.75,1090050
2026-05-25 04:08:00+00,NIFTY,2026-05-26,23950,CE,116.3,116.85,110.3,110.3,1056965
2026-05-25 04:09:00+00,NIFTY,2026-05-26,23950,CE,109.1,113.9,109.1,111.8,1016275
2026-05-25 04:10:00+00,NIFTY,2026-05-26,23950,CE,111.35,111.75,108.2,108.75,661245
2026-05-25 04:06:00+00,NIFTY,2026-05-26,23950,PE,101.9,104.2,100.6,102.3,2771405
2026-05-25 04:07:00+00,NIFTY,2026-05-26,23950,PE,102.6,104.8,99.85,100,1573325
2026-05-25 04:08:00+00,NIFTY,2026-05-26,23950,PE,100.7,105.7,99.7,105.7,1245465
2026-05-25 04:09:00+00,NIFTY,2026-05-26,23950,PE,106.7,106.7,102.6,104.55,1606085
2026-05-25 04:10:00+00,NIFTY,2026-05-26,23950,PE,104.55,107.6,104.55,106.7,927420
2026-05-25 04:06:00+00,BANKNIFTY,2026-05-26,54900,CE,330.9,339.3,325.25,327.8,62070
2026-05-25 04:07:00+00,BANKNIFTY,2026-05-26,54900,CE,325.95,345,323,345,53940
2026-05-25 04:08:00+00,BANKNIFTY,2026-05-26,54900,CE,343.15,345,326.5,326.5,46800
2026-05-25 04:09:00+00,BANKNIFTY,2026-05-26,54900,CE,324.1,342,324.05,332.8,33000
2026-05-25 04:10:00+00,BANKNIFTY,2026-05-26,54900,CE,333.2,334.05,325.75,328.2,19530
2026-05-25 04:06:00+00,BANKNIFTY,2026-05-26,54900,PE,273.65,276.15,266.15,274.75,45300
2026-05-25 04:07:00+00,BANKNIFTY,2026-05-26,54900,PE,277.05,277.1,259.1,259.25,56520
2026-05-25 04:08:00+00,BANKNIFTY,2026-05-26,54900,PE,259.3,273,257.5,272.7,51690
2026-05-25 04:09:00+00,BANKNIFTY,2026-05-26,54900,PE,275,275,262.9,270.7,35400
2026-05-25 04:10:00+00,BANKNIFTY,2026-05-26,54900,PE,269.65,274.8,268.95,271.5,19290
2026-05-25 04:11:00+00,NIFTY,2026-05-26,23950,CE,111.95,114.5,107.65,108.25,1398280
2026-05-25 04:12:00+00,NIFTY,2026-05-26,23950,CE,108.3,113.4,108.3,111,878475
2026-05-25 04:13:00+00,NIFTY,2026-05-26,23950,CE,110.6,110.85,105.95,106.55,1101945
2026-05-25 04:14:00+00,NIFTY,2026-05-26,23950,CE,106.75,115.5,106.75,115.15,1392365
2026-05-25 04:15:00+00,NIFTY,2026-05-26,23950,CE,115.1,116.35,110.1,110.1,1126775
2026-05-25 04:11:00+00,NIFTY,2026-05-26,23950,PE,102.4,107.95,100.5,107.45,1578460
2026-05-25 04:12:00+00,NIFTY,2026-05-26,23950,PE,107.45,107.45,101.8,104.75,1013415
2026-05-25 04:13:00+00,NIFTY,2026-05-26,23950,PE,105.2,109.25,105,107.5,1424930
2026-05-25 04:14:00+00,NIFTY,2026-05-26,23950,PE,107.8,107.8,97.55,97.6,1545700
2026-05-25 04:15:00+00,NIFTY,2026-05-26,23950,PE,97.5,102.95,96.1,102.7,946855
2026-05-25 04:11:00+00,BANKNIFTY,2026-05-26,54900,CE,342,344.6,327.85,330.2,36840
2026-05-25 04:12:00+00,BANKNIFTY,2026-05-26,54900,CE,330.05,347.4,330.05,341.4,36960
2026-05-25 04:13:00+00,BANKNIFTY,2026-05-26,54900,CE,336.8,338.55,325.95,333.35,44070
2026-05-25 04:14:00+00,BANKNIFTY,2026-05-26,54900,CE,332.05,347.2,332.05,346.9,49770
2026-05-25 04:15:00+00,BANKNIFTY,2026-05-26,54900,CE,346.6,348.85,336.45,340.25,27300
2026-05-25 04:11:00+00,BANKNIFTY,2026-05-26,54900,PE,260.45,273,259.75,272.4,41070
2026-05-25 04:12:00+00,BANKNIFTY,2026-05-26,54900,PE,271,271,258.1,265.2,25260
2026-05-25 04:13:00+00,BANKNIFTY,2026-05-26,54900,PE,268.35,275,268,271.7,32220
2026-05-25 04:14:00+00,BANKNIFTY,2026-05-26,54900,PE,271.7,271.7,256.45,256.45,35250
2026-05-25 04:15:00+00,BANKNIFTY,2026-05-26,54900,PE,255.05,264.35,253.95,263.55,23550
2026-05-25 04:16:00+00,NIFTY,2026-05-26,23950,CE,114.7,115.2,110.1,111.55,851565
2026-05-25 04:17:00+00,NIFTY,2026-05-26,23950,CE,109.15,110.85,107.1,107.65,955435
2026-05-25 04:18:00+00,NIFTY,2026-05-26,23950,CE,107.1,108.6,102.65,103.95,2032940
2026-05-25 04:19:00+00,NIFTY,2026-05-26,23950,CE,107.25,110.5,105.5,109.9,1033435
2026-05-25 04:20:00+00,NIFTY,2026-05-26,23950,CE,108.7,111.55,108.05,110.55,483340
2026-05-25 04:16:00+00,NIFTY,2026-05-26,23950,PE,98.3,102.95,97.95,101.7,815620
2026-05-25 04:17:00+00,NIFTY,2026-05-26,23950,PE,103.75,106.85,102.3,106.6,1202500
2026-05-25 04:18:00+00,NIFTY,2026-05-26,23950,PE,107,111.5,105.7,110.85,2228915
2026-05-25 04:19:00+00,NIFTY,2026-05-26,23950,PE,107.1,109.6,103.5,104.1,1271075
2026-05-25 04:20:00+00,NIFTY,2026-05-26,23950,PE,105.7,107.05,102.35,104.1,545155
2026-05-25 04:16:00+00,BANKNIFTY,2026-05-26,54900,CE,340.95,341.75,327.25,335.15,32310
2026-05-25 04:17:00+00,BANKNIFTY,2026-05-26,54900,CE,334.3,335.55,325,328.8,35010
2026-05-25 04:18:00+00,BANKNIFTY,2026-05-26,54900,CE,328.3,333.55,303.95,304.95,77850
2026-05-25 04:19:00+00,BANKNIFTY,2026-05-26,54900,CE,305,319.6,305,314.85,53220
2026-05-25 04:20:00+00,BANKNIFTY,2026-05-26,54900,CE,314.6,322.5,312.85,321.1,32010
2026-05-25 04:16:00+00,BANKNIFTY,2026-05-26,54900,PE,260,273.1,260,266.9,29970
2026-05-25 04:17:00+00,BANKNIFTY,2026-05-26,54900,PE,270,274.9,266.05,272.3,39630
2026-05-25 04:18:00+00,BANKNIFTY,2026-05-26,54900,PE,271.7,285,268.05,283.15,50850
2026-05-25 04:19:00+00,BANKNIFTY,2026-05-26,54900,PE,283,284.4,277.65,280,43590
2026-05-25 04:20:00+00,BANKNIFTY,2026-05-26,54900,PE,281.15,283.6,275,277.7,42120
2026-05-25 04:21:00+00,NIFTY,2026-05-26,23950,CE,109.8,114.1,109.25,112.55,1045395
2026-05-25 04:22:00+00,NIFTY,2026-05-26,23950,CE,111.85,111.85,106.7,109.5,781885
2026-05-25 04:23:00+00,NIFTY,2026-05-26,23950,CE,109.35,111.95,105.35,105.35,665990
2026-05-25 04:24:00+00,NIFTY,2026-05-26,23950,CE,104.7,110.5,104.7,110.5,713245
2026-05-25 04:25:00+00,NIFTY,2026-05-26,23950,CE,110.4,110.45,106.25,106.65,363415
2026-05-25 04:21:00+00,NIFTY,2026-05-26,23950,PE,105.15,105.65,99.8,102.2,945100
2026-05-25 04:22:00+00,NIFTY,2026-05-26,23950,PE,102.7,108,102.7,104.85,1048385
2026-05-25 04:23:00+00,NIFTY,2026-05-26,23950,PE,105.45,109.05,102,109.05,842205
2026-05-25 04:24:00+00,NIFTY,2026-05-26,23950,PE,110,110,103.85,103.85,833365
2026-05-25 04:25:00+00,NIFTY,2026-05-26,23950,PE,103.2,108.2,103.2,108,461045
2026-05-25 04:21:00+00,BANKNIFTY,2026-05-26,54900,CE,321.15,330,317.35,320.5,38430
2026-05-25 04:22:00+00,BANKNIFTY,2026-05-26,54900,CE,322.3,322.3,303.8,310.95,47340
2026-05-25 04:23:00+00,BANKNIFTY,2026-05-26,54900,CE,307.75,314.65,303.45,304.9,34950
2026-05-25 04:24:00+00,BANKNIFTY,2026-05-26,54900,CE,304.1,323.9,304.1,323.9,69600
2026-05-25 04:25:00+00,BANKNIFTY,2026-05-26,54900,CE,325.1,326.1,316.7,318.2,20820
2026-05-25 04:21:00+00,BANKNIFTY,2026-05-26,54900,PE,276,282,270.6,279.35,47250
2026-05-25 04:22:00+00,BANKNIFTY,2026-05-26,54900,PE,277.95,291.95,277.95,286.95,66210
2026-05-25 04:23:00+00,BANKNIFTY,2026-05-26,54900,PE,289.35,294.7,285.25,293.85,44490
2026-05-25 04:24:00+00,BANKNIFTY,2026-05-26,54900,PE,293.75,293.75,275.1,275.2,40920
2026-05-25 04:25:00+00,BANKNIFTY,2026-05-26,54900,PE,274,285.3,274,283.9,23460
2026-05-25 04:26:00+00,NIFTY,2026-05-26,23950,CE,108.2,110.6,108.2,110,530725
2026-05-25 04:27:00+00,NIFTY,2026-05-26,23950,CE,110.1,112.8,109.1,110.45,702455
2026-05-25 04:28:00+00,NIFTY,2026-05-26,23950,CE,109.7,112.1,108.8,110.9,489060
2026-05-25 04:29:00+00,NIFTY,2026-05-26,23950,CE,110.5,111,107.45,110,495755
2026-05-25 04:30:00+00,NIFTY,2026-05-26,23950,CE,110.4,111.5,107.7,108.95,507585
2026-05-25 04:26:00+00,NIFTY,2026-05-26,23950,PE,105.9,105.95,103.5,104.25,597480
2026-05-25 04:27:00+00,NIFTY,2026-05-26,23950,PE,103.9,105.2,101,103.25,668005
2026-05-25 04:28:00+00,NIFTY,2026-05-26,23950,PE,104,104.8,101.25,102.35,436735
2026-05-25 04:29:00+00,NIFTY,2026-05-26,23950,PE,102.55,104.9,100.85,101.55,440895
2026-05-25 04:30:00+00,NIFTY,2026-05-26,23950,PE,100.7,103.4,99.1,102.6,763490
2026-05-25 04:26:00+00,BANKNIFTY,2026-05-26,54900,CE,321.05,327.35,321.05,323.8,21000
2026-05-25 04:27:00+00,BANKNIFTY,2026-05-26,54900,CE,323.95,333.8,323.8,325.25,48150
2026-05-25 04:28:00+00,BANKNIFTY,2026-05-26,54900,CE,322.8,329.95,318.5,327.15,24120
2026-05-25 04:29:00+00,BANKNIFTY,2026-05-26,54900,CE,326.95,332.55,324.2,331.5,35280
2026-05-25 04:30:00+00,BANKNIFTY,2026-05-26,54900,CE,331.25,335,327,329.45,34110
2026-05-25 04:26:00+00,BANKNIFTY,2026-05-26,54900,PE,281.85,282.15,275.9,280.5,34170
2026-05-25 04:27:00+00,BANKNIFTY,2026-05-26,54900,PE,280.1,280.8,272.65,278.05,39810
2026-05-25 04:28:00+00,BANKNIFTY,2026-05-26,54900,PE,280,280.35,272.45,274.15,22980
2026-05-25 04:29:00+00,BANKNIFTY,2026-05-26,54900,PE,273.9,276.75,269,269.1,37860
2026-05-25 04:30:00+00,BANKNIFTY,2026-05-26,54900,PE,266.85,272.3,263.75,270.5,30720
2026-05-25 04:41:00+00,NIFTY,2026-05-26,23950,CE,117.9,118.35,114,114.1,1673490
2026-05-25 04:42:00+00,NIFTY,2026-05-26,23950,CE,113.9,114.45,109,113.85,1317810
2026-05-25 04:43:00+00,NIFTY,2026-05-26,23950,CE,114.75,115.65,111.95,113.4,798460
2026-05-25 04:44:00+00,NIFTY,2026-05-26,23950,CE,113.4,115.5,111.45,114.9,479700
2026-05-25 04:45:00+00,NIFTY,2026-05-26,23950,CE,115.35,117,115,116.95,649090
2026-05-25 04:41:00+00,NIFTY,2026-05-26,23950,PE,89.2,92.5,88.75,92.5,1335750
2026-05-25 04:42:00+00,NIFTY,2026-05-26,23950,PE,92.7,97.85,92.2,93.3,1636115
2026-05-25 04:43:00+00,NIFTY,2026-05-26,23950,PE,92,93.7,90.75,92.25,785850
2026-05-25 04:44:00+00,NIFTY,2026-05-26,23950,PE,92.35,94,90.2,90.55,644280
2026-05-25 04:45:00+00,NIFTY,2026-05-26,23950,PE,90.05,90.4,88.75,88.75,696735
2026-05-25 04:41:00+00,BANKNIFTY,2026-05-26,55000,CE,322.85,323.35,314,315.65,77610
2026-05-25 04:42:00+00,BANKNIFTY,2026-05-26,55000,CE,315.15,318.6,307.45,315.1,63900
2026-05-25 04:43:00+00,BANKNIFTY,2026-05-26,55000,CE,317.5,320.8,314.05,316.8,66450
2026-05-25 04:44:00+00,BANKNIFTY,2026-05-26,55000,CE,317.9,317.9,311,316.1,50400
2026-05-25 04:45:00+00,BANKNIFTY,2026-05-26,55000,CE,317.2,320.55,315.85,318.8,67110
2026-05-25 04:41:00+00,BANKNIFTY,2026-05-26,55000,PE,266,269.4,261.85,269.25,36660
2026-05-25 04:42:00+00,BANKNIFTY,2026-05-26,55000,PE,269.15,277.6,267.5,273.25,42090
2026-05-25 04:43:00+00,BANKNIFTY,2026-05-26,55000,PE,270.9,272.4,267.35,270.65,33990
2026-05-25 04:44:00+00,BANKNIFTY,2026-05-26,55000,PE,269.4,275.5,269.15,272,21990
2026-05-25 04:45:00+00,BANKNIFTY,2026-05-26,55000,PE,269.45,270.9,267,269.6,33960
2026-05-25 04:46:00+00,NIFTY,2026-05-26,23950,CE,114.9,115.15,113.3,114.15,626535
2026-05-25 04:47:00+00,NIFTY,2026-05-26,23950,CE,113.85,122.7,112.5,120.15,2328690
2026-05-25 04:48:00+00,NIFTY,2026-05-26,23950,CE,122.35,125.4,119.15,124.35,1891825
2026-05-25 04:49:00+00,NIFTY,2026-05-26,23950,CE,124.35,124.55,119.8,120.6,1142700
2026-05-25 04:50:00+00,NIFTY,2026-05-26,23950,CE,120.4,121.8,119.65,119.95,411840
2026-05-25 04:46:00+00,NIFTY,2026-05-26,23950,PE,90.2,91.85,89.6,90.7,745290
2026-05-25 04:47:00+00,NIFTY,2026-05-26,23950,PE,91.15,92.65,80.25,84.15,3042455
2026-05-25 04:48:00+00,NIFTY,2026-05-26,23950,PE,82.25,84.75,78.6,79.25,1786005
2026-05-25 04:49:00+00,NIFTY,2026-05-26,23950,PE,79.4,83.5,79.3,83.05,1481415
2026-05-25 04:50:00+00,NIFTY,2026-05-26,23950,PE,83.2,83.9,82.65,83.75,513240
2026-05-25 04:46:00+00,BANKNIFTY,2026-05-26,55000,CE,318.15,319,301.35,302.6,120000
2026-05-25 04:47:00+00,BANKNIFTY,2026-05-26,55000,CE,301.5,316.65,298.9,316.45,120630
2026-05-25 04:48:00+00,BANKNIFTY,2026-05-26,55000,CE,322,322.65,309.65,316.75,127200
2026-05-25 04:49:00+00,BANKNIFTY,2026-05-26,55000,CE,318,319.45,314.85,316.55,80070
2026-05-25 04:50:00+00,BANKNIFTY,2026-05-26,55000,CE,317.5,317.5,308.65,309.4,46440
2026-05-25 04:46:00+00,BANKNIFTY,2026-05-26,55000,PE,267.65,280,266.5,278.4,70710
2026-05-25 04:47:00+00,BANKNIFTY,2026-05-26,55000,PE,279.25,280.95,261.95,262,87390
2026-05-25 04:48:00+00,BANKNIFTY,2026-05-26,55000,PE,255.7,269.3,255.6,262.65,97740
2026-05-25 04:49:00+00,BANKNIFTY,2026-05-26,55000,PE,262.2,263.15,255.05,260.7,56250
2026-05-25 04:50:00+00,BANKNIFTY,2026-05-26,55000,PE,258.45,264.3,258.45,264.3,24210
2026-05-25 05:11:00+00,NIFTY,2026-05-26,24000,CE,98.9,100.15,94.35,94.5,2106195
2026-05-25 05:12:00+00,NIFTY,2026-05-26,24000,CE,93.5,97.3,93.5,97,1558700
2026-05-25 04:31:00+00,NIFTY,2026-05-26,23950,CE,107.95,109.85,106.5,107.85,539370
2026-05-25 04:32:00+00,NIFTY,2026-05-26,23950,CE,108.2,108.9,104.75,107.3,851825
2026-05-25 04:33:00+00,NIFTY,2026-05-26,23950,CE,107.8,110.7,106.55,110.7,589550
2026-05-25 04:34:00+00,NIFTY,2026-05-26,23950,CE,111.15,112.55,109.15,109.15,1099280
2026-05-25 04:35:00+00,NIFTY,2026-05-26,23950,CE,109.05,112,109.05,111.55,345020
2026-05-25 04:31:00+00,NIFTY,2026-05-26,23950,PE,103.95,106.4,101.25,104.15,616590
2026-05-25 04:32:00+00,NIFTY,2026-05-26,23950,PE,103.55,108.2,102.7,104.6,916305
2026-05-25 04:33:00+00,NIFTY,2026-05-26,23950,PE,104.3,105,99,99.1,808730
2026-05-25 04:34:00+00,NIFTY,2026-05-26,23950,PE,98.6,101.45,97.45,101.45,1055210
2026-05-25 04:35:00+00,NIFTY,2026-05-26,23950,PE,101.95,101.95,98.8,99.55,285480
2026-05-25 04:31:00+00,BANKNIFTY,2026-05-26,54900,CE,328.55,334.7,328.4,332,37320
2026-05-25 04:32:00+00,BANKNIFTY,2026-05-26,54900,CE,332.4,337,330.2,337,43230
2026-05-25 04:33:00+00,BANKNIFTY,2026-05-26,54900,CE,337.5,362.7,334,362.7,84540
2026-05-25 04:34:00+00,BANKNIFTY,2026-05-26,54900,CE,364.55,380,360.15,369.25,177810
2026-05-25 04:35:00+00,BANKNIFTY,2026-05-26,54900,CE,370.45,385,368.2,382.6,67020
2026-05-25 04:31:00+00,BANKNIFTY,2026-05-26,54900,PE,272.05,272.2,265.7,267.9,22710
2026-05-25 04:32:00+00,BANKNIFTY,2026-05-26,54900,PE,267.05,270.6,264.25,264.7,29550
2026-05-25 04:33:00+00,BANKNIFTY,2026-05-26,54900,PE,265.25,266.15,233.05,235,94770
2026-05-25 04:34:00+00,BANKNIFTY,2026-05-26,54900,PE,234.1,237.05,218,231.45,116730
2026-05-25 04:35:00+00,BANKNIFTY,2026-05-26,54900,PE,230.7,232.8,225.4,226.2,31650
2026-05-25 04:36:00+00,NIFTY,2026-05-26,23950,CE,112.1,116.6,110.75,115.45,1256710
2026-05-25 04:37:00+00,NIFTY,2026-05-26,23950,CE,115.4,115.4,110.15,110.75,1006330
2026-05-25 04:38:00+00,NIFTY,2026-05-26,23950,CE,111,113,107.6,111.7,891085
2026-05-25 04:39:00+00,NIFTY,2026-05-26,23950,CE,111.5,116,111.5,114.85,1099345
2026-05-25 04:40:00+00,NIFTY,2026-05-26,23950,CE,115,116.1,113.75,115.45,732875
2026-05-25 04:36:00+00,NIFTY,2026-05-26,23950,PE,98.4,100.15,93.2,94.5,1223950
2026-05-25 04:37:00+00,NIFTY,2026-05-26,23950,PE,94.25,99.55,94.25,98.6,954980
2026-05-25 04:38:00+00,NIFTY,2026-05-26,23950,PE,98.85,101.25,96.45,96.7,811525
2026-05-25 04:39:00+00,NIFTY,2026-05-26,23950,PE,97.15,97.15,92.8,93.45,927095
2026-05-25 04:40:00+00,NIFTY,2026-05-26,23950,PE,93.2,94.45,91.65,92.2,603655
2026-05-25 04:36:00+00,BANKNIFTY,2026-05-26,54900,CE,382.65,391.75,376.2,379.85,85440
2026-05-25 04:37:00+00,BANKNIFTY,2026-05-26,54900,CE,379,379.8,354.35,361.4,107970
2026-05-25 04:38:00+00,BANKNIFTY,2026-05-26,54900,CE,360.5,369.9,353.2,369.25,56070
2026-05-25 04:39:00+00,BANKNIFTY,2026-05-26,54900,CE,365.65,380,365.65,378.15,83310
2026-05-25 04:40:00+00,BANKNIFTY,2026-05-26,54900,CE,379.7,384.8,374.25,375.7,31050
2026-05-25 04:36:00+00,BANKNIFTY,2026-05-26,54900,PE,225.45,230.95,221.75,225.75,48180
2026-05-25 04:37:00+00,BANKNIFTY,2026-05-26,54900,PE,226.55,240,226.55,237.1,62700
2026-05-25 04:38:00+00,BANKNIFTY,2026-05-26,54900,PE,239.55,242.15,233.45,234.6,50310
2026-05-25 04:39:00+00,BANKNIFTY,2026-05-26,54900,PE,236,236.6,225.05,227.05,36930
2026-05-25 04:40:00+00,BANKNIFTY,2026-05-26,54900,PE,226.8,230.05,224.7,229.15,25410
2026-05-25 04:51:00+00,NIFTY,2026-05-26,23950,CE,118.75,122.55,118.35,120.4,684710
2026-05-25 04:52:00+00,NIFTY,2026-05-26,23950,CE,120.5,125.45,120.5,122,1240200
2026-05-25 04:53:00+00,NIFTY,2026-05-26,23950,CE,121.9,123,119.8,120.5,736580
2026-05-25 04:54:00+00,NIFTY,2026-05-26,23950,CE,121.3,121.5,116,116.6,878670
2026-05-25 04:55:00+00,NIFTY,2026-05-26,23950,CE,116.95,118.35,111.45,113.75,1144845
2026-05-25 04:51:00+00,NIFTY,2026-05-26,23950,PE,84.65,84.75,81.95,82.8,755365
2026-05-25 04:52:00+00,NIFTY,2026-05-26,23950,PE,82.95,82.95,79.3,81.65,1035515
2026-05-25 04:53:00+00,NIFTY,2026-05-26,23950,PE,81.9,82.9,80.65,82.25,689780
2026-05-25 04:54:00+00,NIFTY,2026-05-26,23950,PE,81.95,86.7,81.9,85.7,1254175
2026-05-25 04:55:00+00,NIFTY,2026-05-26,23950,PE,85.6,90.5,85.1,88.3,1479660
2026-05-25 04:51:00+00,BANKNIFTY,2026-05-26,55000,CE,308.1,312.95,299.05,303.7,98730
2026-05-25 04:52:00+00,BANKNIFTY,2026-05-26,55000,CE,302.3,311.3,302.05,305,61890
2026-05-25 04:53:00+00,BANKNIFTY,2026-05-26,55000,CE,304.05,311.5,298,301,96750
2026-05-25 04:54:00+00,BANKNIFTY,2026-05-26,55000,CE,301.2,307.25,296.6,296.6,68640
2026-05-25 04:55:00+00,BANKNIFTY,2026-05-26,55000,CE,297.6,299.1,291.45,295,61590
2026-05-25 04:51:00+00,BANKNIFTY,2026-05-26,55000,PE,263.55,267.05,260,265.35,50160
2026-05-25 04:52:00+00,BANKNIFTY,2026-05-26,55000,PE,266.95,268.3,261.2,268.15,24720
2026-05-25 04:53:00+00,BANKNIFTY,2026-05-26,55000,PE,268.2,273,261.5,271.45,79080
2026-05-25 04:54:00+00,BANKNIFTY,2026-05-26,55000,PE,271,276,267.7,275.15,64500
2026-05-25 04:55:00+00,BANKNIFTY,2026-05-26,55000,PE,274.25,278,273,275.1,47640
2026-05-25 04:56:00+00,NIFTY,2026-05-26,23950,CE,113.3,117,112.8,114.85,486980
2026-05-25 04:57:00+00,NIFTY,2026-05-26,23950,CE,114.85,115.25,111.35,111.7,666640
2026-05-25 04:58:00+00,NIFTY,2026-05-26,23950,CE,110.4,114,109.6,113.95,831220
2026-05-25 04:59:00+00,NIFTY,2026-05-26,23950,CE,114.3,114.3,110.3,111.85,483795
2026-05-25 05:00:00+00,NIFTY,2026-05-26,23950,CE,111.85,115.3,111.55,114.9,496145
2026-05-25 04:56:00+00,NIFTY,2026-05-26,23950,PE,89.2,89.5,85.75,87.65,906425
2026-05-25 04:57:00+00,NIFTY,2026-05-26,23950,PE,87.4,90.55,87.1,90.45,1011075
2026-05-25 04:58:00+00,NIFTY,2026-05-26,23950,PE,91.55,92.2,87.7,87.75,1421420
2026-05-25 04:59:00+00,NIFTY,2026-05-26,23950,PE,87.3,90.85,87,89.6,645580
2026-05-25 05:00:00+00,NIFTY,2026-05-26,23950,PE,89.15,89.5,86,86.4,574535
2026-05-25 04:56:00+00,BANKNIFTY,2026-05-26,54900,CE,354.9,364,352.15,361.85,23370
2026-05-25 04:57:00+00,BANKNIFTY,2026-05-26,54900,CE,360.7,363,351.45,351.45,17610
2026-05-25 04:58:00+00,BANKNIFTY,2026-05-26,54900,CE,350,350.85,344.05,347.75,26880
2026-05-25 04:59:00+00,BANKNIFTY,2026-05-26,54900,CE,351.15,355,350,352.35,13110
2026-05-25 05:00:00+00,BANKNIFTY,2026-05-26,54900,CE,352.8,366,352.15,362.75,22140
2026-05-25 04:56:00+00,BANKNIFTY,2026-05-26,54900,PE,229.9,231.1,221.5,226.05,33870
2026-05-25 04:57:00+00,BANKNIFTY,2026-05-26,54900,PE,226.85,233.8,225.7,233.1,22710
2026-05-25 04:58:00+00,BANKNIFTY,2026-05-26,54900,PE,234.05,236.6,233.25,233.75,36120
2026-05-25 04:59:00+00,BANKNIFTY,2026-05-26,54900,PE,231.15,233.35,228.25,228.9,36630
2026-05-25 05:00:00+00,BANKNIFTY,2026-05-26,54900,PE,228.95,229.65,221.05,223.8,46980
2026-05-25 05:01:00+00,NIFTY,2026-05-26,23950,CE,116,120.7,115.15,120.35,1179685
2026-05-25 05:02:00+00,NIFTY,2026-05-26,23950,CE,119.95,119.95,114.15,116.7,726115
2026-05-25 05:03:00+00,NIFTY,2026-05-26,23950,CE,117.25,120.5,116.05,120.5,465400
2026-05-25 05:04:00+00,NIFTY,2026-05-26,23950,CE,119.45,122,118.7,121.95,643370
2026-05-25 05:05:00+00,NIFTY,2026-05-26,23950,CE,122.2,122.55,120.75,121.9,476060
2026-05-25 05:01:00+00,NIFTY,2026-05-26,23950,PE,85.5,86.5,81.6,81.6,1251250
2026-05-25 05:02:00+00,NIFTY,2026-05-26,23950,PE,82.1,87,82.1,84.6,759395
2026-05-25 05:03:00+00,NIFTY,2026-05-26,23950,PE,84.15,85.4,81.3,81.3,584545
2026-05-25 05:04:00+00,NIFTY,2026-05-26,23950,PE,81.9,82.95,80,80,973830
2026-05-25 05:05:00+00,NIFTY,2026-05-26,23950,PE,80.15,80.7,79.45,79.85,535795
2026-05-25 05:01:00+00,BANKNIFTY,2026-05-26,55000,CE,309.25,342,308.3,336,252060
2026-05-25 05:02:00+00,BANKNIFTY,2026-05-26,55000,CE,338.15,338.2,324.1,336.95,278070
2026-05-25 05:03:00+00,BANKNIFTY,2026-05-26,55000,CE,336.45,338.8,324.55,332.9,164100
2026-05-25 05:04:00+00,BANKNIFTY,2026-05-26,55000,CE,331.55,338.85,330.1,338.7,107880
2026-05-25 05:05:00+00,BANKNIFTY,2026-05-26,55000,CE,338,339.95,334.25,339.95,82260
2026-05-25 05:01:00+00,BANKNIFTY,2026-05-26,55000,PE,262.7,263.45,233.35,237.3,201540
2026-05-25 05:02:00+00,BANKNIFTY,2026-05-26,55000,PE,234.3,246.6,232.35,237.6,145560
2026-05-25 05:03:00+00,BANKNIFTY,2026-05-26,55000,PE,236.6,242.5,236.1,236.85,114990
2026-05-25 05:04:00+00,BANKNIFTY,2026-05-26,55000,PE,238.65,239.7,234.65,236.1,68730
2026-05-25 05:05:00+00,BANKNIFTY,2026-05-26,55000,PE,234.8,237,233.35,233.35,41100
2026-05-25 05:13:00+00,NIFTY,2026-05-26,24000,CE,96.6,96.6,94.8,96.35,830505
2026-05-25 05:14:00+00,NIFTY,2026-05-26,24000,CE,96,98.6,95.55,98.5,984035
2026-05-25 05:15:00+00,NIFTY,2026-05-26,24000,CE,98.8,98.8,97,98.65,711620
2026-05-25 05:11:00+00,NIFTY,2026-05-26,24000,PE,98.55,103.35,98,103.35,1417325
2026-05-25 05:12:00+00,NIFTY,2026-05-26,24000,PE,103.2,103.75,100.05,100.5,1236365
2026-05-25 05:13:00+00,NIFTY,2026-05-26,24000,PE,100.8,102.7,100.55,100.85,690040
2026-05-25 05:14:00+00,NIFTY,2026-05-26,24000,PE,101,101.7,98.9,99.1,621140
2026-05-25 05:15:00+00,NIFTY,2026-05-26,24000,PE,98.6,100.5,98.6,99.25,674505
2026-05-25 05:11:00+00,BANKNIFTY,2026-05-26,55100,CE,296.5,297.8,290,290.8,35580
2026-05-25 05:12:00+00,BANKNIFTY,2026-05-26,55100,CE,289.6,297,289.6,295.15,33810
2026-05-25 05:13:00+00,BANKNIFTY,2026-05-26,55100,CE,295,295.85,289,291.2,26190
2026-05-25 05:14:00+00,BANKNIFTY,2026-05-26,55100,CE,291.5,291.5,285.9,288.3,26190
2026-05-25 05:15:00+00,BANKNIFTY,2026-05-26,55100,CE,289.6,291.5,286.05,290.35,28920
2026-05-25 05:11:00+00,BANKNIFTY,2026-05-26,55100,PE,275,281.4,274,281.4,24000
2026-05-25 05:12:00+00,BANKNIFTY,2026-05-26,55100,PE,282,282,276.8,278.9,16590
2026-05-25 05:13:00+00,BANKNIFTY,2026-05-26,55100,PE,278.05,283.45,278,280.95,13500
2026-05-25 05:14:00+00,BANKNIFTY,2026-05-26,55100,PE,281.95,284.4,281.75,283.3,15390
2026-05-25 05:15:00+00,BANKNIFTY,2026-05-26,55100,PE,281.15,284,280.35,280.6,14820
2026-05-25 05:16:00+00,NIFTY,2026-05-26,24000,CE,97.8,101.55,97.6,101.4,1916590
2026-05-25 05:17:00+00,NIFTY,2026-05-26,24000,CE,101.4,101.9,99.1,99.35,1531790
2026-05-25 05:18:00+00,NIFTY,2026-05-26,24000,CE,99.05,100.05,97.8,97.8,1033045
2026-05-25 05:19:00+00,NIFTY,2026-05-26,24000,CE,97.4,98,95,97.4,1523015
2026-05-25 05:20:00+00,NIFTY,2026-05-26,24000,CE,98,98.15,94.6,94.9,883285
2026-05-25 05:16:00+00,NIFTY,2026-05-26,24000,PE,99.45,99.85,96.2,96.75,1012570
2026-05-25 05:17:00+00,NIFTY,2026-05-26,24000,PE,96.9,98.4,96.25,98.1,727675
2026-05-25 05:18:00+00,NIFTY,2026-05-26,24000,PE,98.5,99.8,97.9,99.25,664105
2026-05-25 05:19:00+00,NIFTY,2026-05-26,24000,PE,100.05,102.75,99.45,100.3,1377155
2026-05-25 05:20:00+00,NIFTY,2026-05-26,24000,PE,99.5,103.35,99.5,103.1,862745
2026-05-25 05:16:00+00,BANKNIFTY,2026-05-26,55100,CE,291.2,297.1,288.4,296,36210
2026-05-25 05:17:00+00,BANKNIFTY,2026-05-26,55100,CE,297.75,300,290.15,292,42060
2026-05-25 05:18:00+00,BANKNIFTY,2026-05-26,55100,CE,292,294.8,288.9,290.6,23640
2026-05-25 05:19:00+00,BANKNIFTY,2026-05-26,55100,CE,288.9,291.5,278.1,286.75,51000
2026-05-25 05:20:00+00,BANKNIFTY,2026-05-26,55100,CE,288.5,291.3,284,286.25,25230
2026-05-25 05:16:00+00,BANKNIFTY,2026-05-26,55100,PE,281.3,283,277,277,18540
2026-05-25 05:17:00+00,BANKNIFTY,2026-05-26,55100,PE,275.85,279.55,273.1,278.75,28470
2026-05-25 05:18:00+00,BANKNIFTY,2026-05-26,55100,PE,279.95,281.15,277.3,280.2,20160
2026-05-25 05:19:00+00,BANKNIFTY,2026-05-26,55100,PE,281.7,286.45,280.1,284.3,25230
2026-05-25 05:20:00+00,BANKNIFTY,2026-05-26,55100,PE,281.85,284,280.25,283,10350
2026-05-25 05:21:00+00,NIFTY,2026-05-26,24000,CE,95.05,95.05,91.35,92.5,1864460
2026-05-25 05:22:00+00,NIFTY,2026-05-26,24000,CE,92.35,94.4,91.35,94.4,1158755
2026-05-25 05:23:00+00,NIFTY,2026-05-26,24000,CE,94.3,95.7,93.55,95.3,984425
2026-05-25 05:24:00+00,NIFTY,2026-05-26,24000,CE,95.35,96.65,95.2,96.55,1229085
2026-05-25 05:25:00+00,NIFTY,2026-05-26,24000,CE,97,98.5,92,92.25,1592565
2026-05-25 05:21:00+00,NIFTY,2026-05-26,24000,PE,102.25,105.85,102.2,104.8,1871675
2026-05-25 05:22:00+00,NIFTY,2026-05-26,24000,PE,104.9,105.65,102.5,102.65,1067300
2026-05-25 05:23:00+00,NIFTY,2026-05-26,24000,PE,102.45,103.75,101.05,101.55,773045
2026-05-25 05:24:00+00,NIFTY,2026-05-26,24000,PE,101.85,101.85,99.8,99.8,735020
2026-05-25 05:25:00+00,NIFTY,2026-05-26,24000,PE,99.6,104.75,98,104.65,1328405
2026-05-25 05:21:00+00,BANKNIFTY,2026-05-26,55100,CE,283.55,284.55,273.55,283.65,53040
2026-05-25 05:22:00+00,BANKNIFTY,2026-05-26,55100,CE,284.9,289.15,284.3,288,18630
2026-05-25 05:23:00+00,BANKNIFTY,2026-05-26,55100,CE,288.7,289.55,284.1,286.85,29490
2026-05-25 05:24:00+00,BANKNIFTY,2026-05-26,55100,CE,287,289.3,284.05,285.55,19650
2026-05-25 05:25:00+00,BANKNIFTY,2026-05-26,55100,CE,286,288.2,277.1,278.75,19170
2026-05-25 05:21:00+00,BANKNIFTY,2026-05-26,55100,PE,284.95,292.7,284.85,286.85,31500
2026-05-25 05:22:00+00,BANKNIFTY,2026-05-26,55100,PE,285.05,287.85,281.8,283.1,17910
2026-05-25 05:23:00+00,BANKNIFTY,2026-05-26,55100,PE,282.8,286,281,283.7,15090
2026-05-25 05:24:00+00,BANKNIFTY,2026-05-26,55100,PE,284.45,285.7,282.25,285,10770
2026-05-25 05:25:00+00,BANKNIFTY,2026-05-26,55100,PE,283.65,291.8,283.3,290,15270
2026-05-25 05:31:00+00,NIFTY,2026-05-26,24000,CE,89.15,90.5,89,89.75,612040
2026-05-25 05:32:00+00,NIFTY,2026-05-26,24000,CE,89.55,89.55,87.15,88.1,1094860
2026-05-25 05:33:00+00,NIFTY,2026-05-26,24000,CE,88,90.4,87.7,90.35,684060
2026-05-25 05:34:00+00,NIFTY,2026-05-26,24000,CE,91.3,92.65,90.35,92.2,1385930
2026-05-25 05:36:00+00,NIFTY,2026-05-26,24000,PE,104.1,106.05,103.15,103.4,991315
2026-05-25 05:37:00+00,NIFTY,2026-05-26,24000,PE,103.15,105.6,102.55,105.45,359255
2026-05-25 05:38:00+00,NIFTY,2026-05-26,24000,PE,105.55,106.8,104.2,104.7,453440
2026-05-25 05:39:00+00,NIFTY,2026-05-26,24000,PE,104.6,105.5,103.15,105.5,317720
2026-05-25 05:40:00+00,NIFTY,2026-05-26,24000,PE,104.95,106.65,103.85,105.55,410800
2026-05-25 05:36:00+00,BANKNIFTY,2026-05-26,55100,CE,285.75,289.1,277.05,287.6,41070
2026-05-25 05:37:00+00,BANKNIFTY,2026-05-26,55100,CE,288.4,292.7,287,287.45,26670
2026-05-25 05:38:00+00,BANKNIFTY,2026-05-26,55100,CE,286.1,292.8,284.5,291.55,19440
2026-05-25 05:39:00+00,BANKNIFTY,2026-05-26,55100,CE,292.4,293.05,282.9,284.2,26790
2026-05-25 05:40:00+00,BANKNIFTY,2026-05-26,55100,CE,282.95,285.7,279.2,280.8,31980
2026-05-25 05:36:00+00,BANKNIFTY,2026-05-26,55100,PE,282.8,289.8,282.8,283.1,28470
2026-05-25 05:37:00+00,BANKNIFTY,2026-05-26,55100,PE,283.1,285.3,279.4,283.9,10320
2026-05-25 05:38:00+00,BANKNIFTY,2026-05-26,55100,PE,284.75,287.45,280.25,280.65,12570
2026-05-25 05:39:00+00,BANKNIFTY,2026-05-26,55100,PE,280.5,286,279.5,286,12360
2026-05-25 05:40:00+00,BANKNIFTY,2026-05-26,55100,PE,286.35,290,285,289.95,16710
2026-05-25 05:41:00+00,NIFTY,2026-05-26,24000,CE,89.65,91.1,89.55,90.75,455845
2026-05-25 05:42:00+00,NIFTY,2026-05-26,24000,CE,91.15,93.95,91,93.75,1245855
2026-05-25 05:43:00+00,NIFTY,2026-05-26,24000,CE,95.55,96.3,93.8,94.95,2042755
2026-05-25 05:44:00+00,NIFTY,2026-05-26,24000,CE,94.95,95.4,93.5,94.6,731770
2026-05-25 05:45:00+00,NIFTY,2026-05-26,24000,CE,95,95,93.15,94,595595
2026-05-25 05:41:00+00,NIFTY,2026-05-26,24000,PE,104.9,105.05,103.35,103.4,309790
2026-05-25 05:42:00+00,NIFTY,2026-05-26,24000,PE,102.95,103.35,100.1,100.9,804830
2026-05-25 05:43:00+00,NIFTY,2026-05-26,24000,PE,98.4,100.6,97.25,99.8,1163175
2026-05-25 05:44:00+00,NIFTY,2026-05-26,24000,PE,99.5,100.95,99,99.4,450905
2026-05-25 05:45:00+00,NIFTY,2026-05-26,24000,PE,98.95,101,98.95,100.55,418990
2026-05-25 05:41:00+00,BANKNIFTY,2026-05-26,55100,CE,282.5,290,280.7,289.5,20220
2026-05-25 05:42:00+00,BANKNIFTY,2026-05-26,55100,CE,291.55,294.1,290.4,294,39090
2026-05-25 05:43:00+00,BANKNIFTY,2026-05-26,55100,CE,297,304,293.1,299.4,85860
2026-05-25 05:44:00+00,BANKNIFTY,2026-05-26,55100,CE,297.8,298.85,294.05,297.1,27600
2026-05-25 05:45:00+00,BANKNIFTY,2026-05-26,55100,CE,297.25,297.3,290.1,291.6,25590
2026-05-25 05:41:00+00,BANKNIFTY,2026-05-26,55100,PE,288.65,289.8,283.25,283.45,6360
2026-05-25 05:42:00+00,BANKNIFTY,2026-05-26,55100,PE,282.3,282.3,277.8,279.15,14550
2026-05-25 05:43:00+00,BANKNIFTY,2026-05-26,55100,PE,276.9,277.9,271.4,275,47370
2026-05-25 05:44:00+00,BANKNIFTY,2026-05-26,55100,PE,275.4,277.9,274.25,275.85,15450
2026-05-25 05:45:00+00,BANKNIFTY,2026-05-26,55100,PE,276.25,280.65,275.55,279.7,16950
2026-05-25 05:46:00+00,NIFTY,2026-05-26,24000,CE,93.15,94.7,92.05,92.1,760175
2026-05-25 05:47:00+00,NIFTY,2026-05-26,24000,CE,91.1,92.5,90.8,91.7,866320
2026-05-25 05:48:00+00,NIFTY,2026-05-26,24000,CE,90.7,91.65,88.55,91.65,1296490
2026-05-25 05:49:00+00,NIFTY,2026-05-26,24000,CE,91.4,92.45,90.45,90.8,649025
2026-05-25 05:50:00+00,NIFTY,2026-05-26,24000,CE,91.3,91.3,88.3,88.7,789100
2026-05-25 05:46:00+00,NIFTY,2026-05-26,24000,PE,100.95,102,99.35,101.55,413725
2026-05-25 05:47:00+00,NIFTY,2026-05-26,24000,PE,102.55,103,101.2,102.4,708760
2026-05-25 05:48:00+00,NIFTY,2026-05-26,24000,PE,103.15,105.55,102.75,102.75,969865
2026-05-25 05:49:00+00,NIFTY,2026-05-26,24000,PE,102.9,104.1,102.1,103.8,480090
2026-05-25 05:50:00+00,NIFTY,2026-05-26,24000,PE,103.05,106.55,103.05,106.55,756730
2026-05-25 05:46:00+00,BANKNIFTY,2026-05-26,55100,CE,291.3,300,289.5,293,22350
2026-05-25 05:47:00+00,BANKNIFTY,2026-05-26,55100,CE,291.5,293.1,287.4,292.1,20520
2026-05-25 05:48:00+00,BANKNIFTY,2026-05-26,55100,CE,290.4,296,287.2,296,21420
2026-05-25 05:49:00+00,BANKNIFTY,2026-05-26,55100,CE,294.9,298.35,292.95,294.15,20160
2026-05-25 05:50:00+00,BANKNIFTY,2026-05-26,55100,CE,295.95,296.2,292.05,294.2,14820
2026-05-25 05:46:00+00,BANKNIFTY,2026-05-26,55100,PE,279.4,280,272.7,276.4,21480
2026-05-25 05:47:00+00,BANKNIFTY,2026-05-26,55100,PE,277.25,281.45,277.25,280.05,17310
2026-05-25 05:48:00+00,BANKNIFTY,2026-05-26,55100,PE,281.45,282.4,276,276,16560
2026-05-25 05:49:00+00,BANKNIFTY,2026-05-26,55100,PE,275.5,278.5,273.9,278.5,13290
2026-05-25 05:50:00+00,BANKNIFTY,2026-05-26,55100,PE,276.95,281,276.95,278.45,9210
2026-05-25 05:51:00+00,NIFTY,2026-05-26,24000,CE,88.15,89.35,86.05,86.4,1534455
2026-05-25 05:52:00+00,NIFTY,2026-05-26,24000,CE,86.6,88.25,85.7,88.05,971620
2026-05-25 05:53:00+00,NIFTY,2026-05-26,24000,CE,88.15,88.75,86.55,86.55,615940
2026-05-25 05:54:00+00,NIFTY,2026-05-26,24000,CE,86.35,89.9,86.35,89.9,747500
2026-05-25 05:55:00+00,NIFTY,2026-05-26,24000,CE,90.65,90.65,87.3,87.35,949390
2026-05-25 05:51:00+00,NIFTY,2026-05-26,24000,PE,106.65,108.55,105,107.8,1130415
2026-05-25 05:52:00+00,NIFTY,2026-05-26,24000,PE,107.75,108.75,105.9,106.05,1051050
2026-05-25 05:53:00+00,NIFTY,2026-05-26,24000,PE,106,107.9,105.3,107.9,545220
2026-05-25 05:54:00+00,NIFTY,2026-05-26,24000,PE,107.9,108.2,102.55,102.7,876980
2026-05-25 05:55:00+00,NIFTY,2026-05-26,24000,PE,102.15,106.15,102.15,106.15,812175
2026-05-25 05:51:00+00,BANKNIFTY,2026-05-26,55100,CE,294,294.2,285,285.4,29760
2026-05-25 05:52:00+00,BANKNIFTY,2026-05-26,55100,CE,282.15,285.4,280.5,284.55,38670
2026-05-25 05:53:00+00,BANKNIFTY,2026-05-26,55100,CE,284.35,287.35,283.4,283.4,14910
2026-05-25 05:54:00+00,BANKNIFTY,2026-05-26,55100,CE,279.3,287.95,279.3,287.2,21390
2026-05-25 05:55:00+00,BANKNIFTY,2026-05-26,55100,CE,287.75,290,284.1,285.1,16890
2026-05-25 05:51:00+00,BANKNIFTY,2026-05-26,55100,PE,278,284,278,283.75,15630
2026-05-25 05:52:00+00,BANKNIFTY,2026-05-26,55100,PE,283.45,286,282.55,283.15,25500
2026-05-25 05:53:00+00,BANKNIFTY,2026-05-26,55100,PE,283.05,285.3,283,285.3,14730
2026-05-25 05:54:00+00,BANKNIFTY,2026-05-26,55100,PE,287.7,287.75,279.75,280.15,20700
2026-05-25 05:55:00+00,BANKNIFTY,2026-05-26,55100,PE,279.35,281.7,276.5,281.2,17310
2026-05-25 05:56:00+00,NIFTY,2026-05-26,24000,CE,89,89,86.75,87.35,541450
2026-05-25 05:57:00+00,NIFTY,2026-05-26,24000,CE,87.5,88.35,86.95,87.15,466700
2026-05-25 05:58:00+00,NIFTY,2026-05-26,24000,CE,86.8,89.35,86.8,89,505375
2026-05-25 05:59:00+00,NIFTY,2026-05-26,24000,CE,88.55,88.8,85.7,86.3,791505
2026-05-25 06:00:00+00,NIFTY,2026-05-26,24000,CE,85.7,87.45,85.5,86.4,601445
2026-05-25 05:56:00+00,NIFTY,2026-05-26,24000,PE,104.15,106.8,104.15,106.05,532285
2026-05-25 05:57:00+00,NIFTY,2026-05-26,24000,PE,106.05,106.5,104.5,105.95,342550
2026-05-25 05:58:00+00,NIFTY,2026-05-26,24000,PE,106.55,106.55,103.5,104,455000
2026-05-25 05:59:00+00,NIFTY,2026-05-26,24000,PE,104.6,107.35,104.35,106.4,444535
2026-05-25 06:00:00+00,NIFTY,2026-05-26,24000,PE,107,107.1,104.85,106.25,477035
2026-05-25 05:56:00+00,BANKNIFTY,2026-05-26,55100,CE,284.4,288.5,281.45,283.65,16860
2026-05-25 05:57:00+00,BANKNIFTY,2026-05-26,55100,CE,284.25,287,283.1,284.6,14880
2026-05-25 05:58:00+00,BANKNIFTY,2026-05-26,55100,CE,284.45,290,283.45,290,12120
2026-05-25 05:59:00+00,BANKNIFTY,2026-05-26,55100,CE,290.35,293.45,285.85,286.8,27390
2026-05-25 06:00:00+00,BANKNIFTY,2026-05-26,55100,CE,282.45,289,282.2,286.5,14790
2026-05-25 05:56:00+00,BANKNIFTY,2026-05-26,55100,PE,281.4,286.05,279.65,284.35,24300
2026-05-25 05:57:00+00,BANKNIFTY,2026-05-26,55100,PE,283.25,284,280,280.4,13680
2026-05-25 05:58:00+00,BANKNIFTY,2026-05-26,55100,PE,282.35,282.8,278,278,11490
2026-05-25 05:59:00+00,BANKNIFTY,2026-05-26,55100,PE,277.25,282.55,275,279.95,24690
2026-05-25 06:00:00+00,BANKNIFTY,2026-05-26,55100,PE,283.65,283.9,278.7,280.95,15990
2026-05-25 06:01:00+00,NIFTY,2026-05-26,23950,CE,113.4,113.8,110.8,113.7,400270
2026-05-25 06:02:00+00,NIFTY,2026-05-26,23950,CE,112.85,112.85,109.6,109.9,529685
2026-05-25 06:03:00+00,NIFTY,2026-05-26,23950,CE,109.9,111.45,107.4,108.8,945490
2026-05-25 06:04:00+00,NIFTY,2026-05-26,23950,CE,109.35,111.4,109.15,110.25,435890
2026-05-25 06:05:00+00,NIFTY,2026-05-26,23950,CE,110.2,112,109.3,110.75,491465
2026-05-25 06:01:00+00,NIFTY,2026-05-26,23950,PE,81.2,83.5,80.9,81,619125
2026-05-25 06:02:00+00,NIFTY,2026-05-26,23950,PE,81.55,84.2,81.55,84.2,493025
2026-05-25 06:03:00+00,NIFTY,2026-05-26,23950,PE,84.25,86.55,83.6,85.6,1806675
2026-05-25 06:04:00+00,NIFTY,2026-05-26,23950,PE,85.25,85.25,82.9,84.35,922025
2026-05-25 06:05:00+00,NIFTY,2026-05-26,23950,PE,84,84.8,82.25,83.05,859300
2026-05-25 06:01:00+00,BANKNIFTY,2026-05-26,55100,CE,286.7,287.2,278.1,284.5,28290
2026-05-25 06:02:00+00,BANKNIFTY,2026-05-26,55100,CE,282.55,285,280.65,282.9,20670
2026-05-25 06:03:00+00,BANKNIFTY,2026-05-26,55100,CE,281.45,283.8,273.6,280.4,35790
2026-05-25 06:04:00+00,BANKNIFTY,2026-05-26,55100,CE,281.75,285.85,281,281,17970
2026-05-25 06:05:00+00,BANKNIFTY,2026-05-26,55100,CE,280.75,285.1,279.85,284.3,24390
2026-05-25 06:01:00+00,BANKNIFTY,2026-05-26,55100,PE,280.5,285,279.55,281.45,24900
2026-05-25 06:02:00+00,BANKNIFTY,2026-05-26,55100,PE,281.7,283.75,280,282.4,14370
2026-05-25 06:03:00+00,BANKNIFTY,2026-05-26,55100,PE,283.3,286.65,280,283.25,24600
2026-05-25 06:04:00+00,BANKNIFTY,2026-05-26,55100,PE,282.7,282.9,278.45,280.5,18990
2026-05-25 06:05:00+00,BANKNIFTY,2026-05-26,55100,PE,281.3,282,277.25,278,10620
2026-05-25 06:06:00+00,NIFTY,2026-05-26,24000,CE,84.7,87.2,83.75,86.05,1434745
2026-05-25 06:07:00+00,NIFTY,2026-05-26,24000,CE,86.15,86.6,84.5,85,599430
2026-05-25 06:08:00+00,NIFTY,2026-05-26,24000,CE,84.6,86.95,84,86.45,604305
2026-05-25 06:09:00+00,NIFTY,2026-05-26,24000,CE,86.7,90.25,86.4,90.25,2153320
2026-05-25 06:10:00+00,NIFTY,2026-05-26,24000,CE,90.85,95,90.85,94.95,2951000
2026-05-25 06:06:00+00,NIFTY,2026-05-26,24000,PE,107.55,108.65,104.05,105.7,1185990
2026-05-25 06:07:00+00,NIFTY,2026-05-26,24000,PE,105.9,108.1,105.05,107.3,553085
2026-05-25 06:08:00+00,NIFTY,2026-05-26,24000,PE,107.55,108.25,103.7,104.75,667095
2026-05-25 06:09:00+00,NIFTY,2026-05-26,24000,PE,104.5,104.85,99.3,99.65,1576770
2026-05-25 06:10:00+00,NIFTY,2026-05-26,24000,PE,99,99.4,93.65,93.85,2259920
2026-05-25 06:06:00+00,BANKNIFTY,2026-05-26,55100,CE,283.7,285.95,280,282.95,17820
2026-05-25 06:07:00+00,BANKNIFTY,2026-05-26,55100,CE,283.75,284.4,280.2,280.7,9540
2026-05-25 06:08:00+00,BANKNIFTY,2026-05-26,55100,CE,279.9,287.85,276.1,285.05,25920
2026-05-25 06:09:00+00,BANKNIFTY,2026-05-26,55100,CE,285.05,313.65,283.85,311.85,142710
2026-05-25 06:10:00+00,BANKNIFTY,2026-05-26,55100,CE,310.2,323.05,308.1,319.9,112770
2026-05-25 06:06:00+00,BANKNIFTY,2026-05-26,55100,PE,279.05,282.2,277.45,280.1,14280
2026-05-25 06:07:00+00,BANKNIFTY,2026-05-26,55100,PE,280.05,282.35,279.4,281.15,9000
2026-05-25 06:08:00+00,BANKNIFTY,2026-05-26,55100,PE,282.65,285,274.7,276.75,34560
2026-05-25 06:09:00+00,BANKNIFTY,2026-05-26,55100,PE,278.2,278.2,246.6,251.05,136110
2026-05-25 06:10:00+00,BANKNIFTY,2026-05-26,55100,PE,255.15,255.15,244,244.05,42300
2026-05-25 06:11:00+00,NIFTY,2026-05-26,24000,CE,94.2,94.9,90.85,92.35,2055300
2026-05-25 06:12:00+00,NIFTY,2026-05-26,24000,CE,90.4,91.75,89.15,91.35,1415960
2026-05-25 06:13:00+00,NIFTY,2026-05-26,24000,CE,91.4,91.75,90.2,90.9,529165
2026-05-25 06:14:00+00,NIFTY,2026-05-26,24000,CE,90.5,91.1,87.55,89.6,1240720
2026-05-25 06:15:00+00,NIFTY,2026-05-26,24000,CE,89.7,90.65,89.5,90,656305
2026-05-25 06:11:00+00,NIFTY,2026-05-26,24000,PE,95.2,99.15,94.4,97.3,1147835
2026-05-25 06:12:00+00,NIFTY,2026-05-26,24000,PE,99.6,100.55,97.8,97.95,1022710
2026-05-25 06:13:00+00,NIFTY,2026-05-26,24000,PE,98.25,99.35,97.75,98.7,502840
2026-05-25 06:14:00+00,NIFTY,2026-05-26,24000,PE,98.75,102.05,98.7,100.05,959335
2026-05-25 06:15:00+00,NIFTY,2026-05-26,24000,PE,99.25,100.2,98.6,98.6,439205
2026-05-25 06:11:00+00,BANKNIFTY,2026-05-26,55100,CE,319.65,319.65,310,316,76260
2026-05-25 06:12:00+00,BANKNIFTY,2026-05-26,55100,CE,315.5,315.5,304.35,305.5,75270
2026-05-25 06:13:00+00,BANKNIFTY,2026-05-26,55100,CE,305,305.95,300.75,303.15,66480
2026-05-25 06:14:00+00,BANKNIFTY,2026-05-26,55100,CE,301,309,294.5,306,69180
2026-05-25 06:15:00+00,BANKNIFTY,2026-05-26,55100,CE,306.45,309.25,303.45,309.25,34800
2026-05-25 06:11:00+00,BANKNIFTY,2026-05-26,55100,PE,247.7,255,247.4,253.8,33090
2026-05-25 06:12:00+00,BANKNIFTY,2026-05-26,55100,PE,252.8,261,252.8,259.3,32610
2026-05-25 06:13:00+00,BANKNIFTY,2026-05-26,55100,PE,258.05,261.05,257.15,260.45,25440
2026-05-25 06:14:00+00,BANKNIFTY,2026-05-26,55100,PE,261,265,257,259.95,42960
2026-05-25 06:15:00+00,BANKNIFTY,2026-05-26,55100,PE,258.35,262.1,257,258.05,23730
2026-05-25 06:16:00+00,NIFTY,2026-05-26,24000,CE,91.1,92.7,88.6,88.7,1130870
2026-05-25 06:17:00+00,NIFTY,2026-05-26,24000,CE,88.15,92.85,88.15,92.45,807105
2026-05-25 06:18:00+00,NIFTY,2026-05-26,24000,CE,92.5,93.2,91.4,93.15,1591135
2026-05-25 06:19:00+00,NIFTY,2026-05-26,24000,CE,92.65,93.4,90.35,90.65,680680
2026-05-25 06:20:00+00,NIFTY,2026-05-26,24000,CE,90.7,93.25,90.7,91.7,761475
2026-05-25 06:16:00+00,NIFTY,2026-05-26,24000,PE,97.45,100.55,96.6,100.2,733785
2026-05-25 06:17:00+00,NIFTY,2026-05-26,24000,PE,101,101.1,96.3,96.7,694265
2026-05-25 06:18:00+00,NIFTY,2026-05-26,24000,PE,96.6,98.5,96.1,97.4,563810
2026-05-25 06:19:00+00,NIFTY,2026-05-26,24000,PE,97.65,99.85,97.1,99.75,402415
2026-05-25 06:20:00+00,NIFTY,2026-05-26,24000,PE,99.8,99.8,97.05,98.45,350805
2026-05-25 06:16:00+00,BANKNIFTY,2026-05-26,55100,CE,312,313,306.8,307,67860
2026-05-25 06:17:00+00,BANKNIFTY,2026-05-26,55100,CE,305.05,314.95,303,312.35,38310
2026-05-25 06:18:00+00,BANKNIFTY,2026-05-26,55100,CE,311.65,312.85,306.1,310.7,27540
2026-05-25 06:19:00+00,BANKNIFTY,2026-05-26,55100,CE,311,311.5,302.3,305,29460
2026-05-25 06:20:00+00,BANKNIFTY,2026-05-26,55100,CE,303.9,311.2,303.55,307,25590
2026-05-25 06:16:00+00,BANKNIFTY,2026-05-26,55100,PE,254.15,256.55,251.7,256.55,35850
2026-05-25 06:17:00+00,BANKNIFTY,2026-05-26,55100,PE,257.7,259.65,250,252.15,35700
2026-05-25 06:18:00+00,BANKNIFTY,2026-05-26,55100,PE,251.25,257.5,251.25,254.35,15600
2026-05-25 06:19:00+00,BANKNIFTY,2026-05-26,55100,PE,254.6,259.35,253,259.05,10260
2026-05-25 06:20:00+00,BANKNIFTY,2026-05-26,55100,PE,258.55,258.8,253.2,256.3,10590
2026-05-25 06:22:00+00,NIFTY,2026-05-26,24000,CE,92.5,93.95,92.5,93.95,806455
2026-05-25 06:23:00+00,NIFTY,2026-05-26,24000,CE,93.65,94.75,93,94.5,981175
2026-05-25 06:24:00+00,NIFTY,2026-05-26,24000,CE,94.7,97.5,94,96.45,2142530
2026-05-25 06:25:00+00,NIFTY,2026-05-26,24000,CE,96.4,97.5,95.15,95.25,1359345
2026-05-25 06:22:00+00,NIFTY,2026-05-26,24000,PE,97.7,97.8,96.55,96.9,527735
2026-05-25 06:23:00+00,NIFTY,2026-05-26,24000,PE,97.1,97.45,95.65,95.8,660595
2026-05-25 06:24:00+00,NIFTY,2026-05-26,24000,PE,95.6,96.1,94.25,95.3,1041430
2026-05-25 06:25:00+00,NIFTY,2026-05-26,24000,PE,95.15,96.9,94.55,96.75,685295
2026-05-25 06:22:00+00,BANKNIFTY,2026-05-26,55100,CE,310.85,316.15,310.05,314.5,58050
2026-05-25 06:23:00+00,BANKNIFTY,2026-05-26,55100,CE,315.35,315.35,307.6,309.25,35520
2026-05-25 06:24:00+00,BANKNIFTY,2026-05-26,55100,CE,309.05,314.75,306,313.35,25350
2026-05-25 06:25:00+00,BANKNIFTY,2026-05-26,55100,CE,312.7,313.2,308,309.45,18300
2026-05-25 06:22:00+00,BANKNIFTY,2026-05-26,55100,PE,251.9,251.9,246,249,42510
2026-05-25 06:23:00+00,BANKNIFTY,2026-05-26,55100,PE,249,254.5,248.6,252.8,16950
2026-05-25 06:24:00+00,BANKNIFTY,2026-05-26,55100,PE,252.8,254.85,250.55,251.8,24480
2026-05-25 06:25:00+00,BANKNIFTY,2026-05-26,55100,PE,250.65,254.95,250,254.2,11880
2026-05-25 06:27:00+00,NIFTY,2026-05-26,24000,CE,96.75,96.95,93.7,94.9,893750
2026-05-25 06:28:00+00,NIFTY,2026-05-26,24000,CE,96.3,96.5,94.55,96,587470
2026-05-25 06:29:00+00,NIFTY,2026-05-26,24000,CE,95.7,96.15,93.6,94.75,909025
2026-05-25 06:30:00+00,NIFTY,2026-05-26,24000,CE,94,94,87.7,88.25,2337595
2026-05-25 06:31:00+00,NIFTY,2026-05-26,24000,CE,88.25,88.25,88.25,88.25,66950
2026-05-25 06:27:00+00,NIFTY,2026-05-26,24000,PE,96.55,99,96.5,97.55,608530
2026-05-25 06:28:00+00,NIFTY,2026-05-26,24000,PE,96.5,97.95,96.2,96.7,382135
2026-05-25 06:29:00+00,NIFTY,2026-05-26,24000,PE,96.6,98.5,96.45,97.15,380770
2026-05-25 06:30:00+00,NIFTY,2026-05-26,24000,PE,97.95,103.4,97.95,103.3,1667120
2026-05-25 06:31:00+00,NIFTY,2026-05-26,24000,PE,103.7,103.7,103.7,103.7,103090
2026-05-25 06:27:00+00,BANKNIFTY,2026-05-26,55100,CE,312.4,312.9,308.75,310.25,12120
2026-05-25 06:28:00+00,BANKNIFTY,2026-05-26,55100,CE,312.5,315,310.1,313.15,18180
2026-05-25 06:29:00+00,BANKNIFTY,2026-05-26,55100,CE,313.5,313.5,302.9,306.75,42390
2026-05-25 06:30:00+00,BANKNIFTY,2026-05-26,55100,CE,303.05,303.05,283.7,284.45,114690
2026-05-25 06:31:00+00,BANKNIFTY,2026-05-26,55100,CE,283.55,283.55,283.55,283.55,2970
2026-05-25 06:27:00+00,BANKNIFTY,2026-05-26,55100,PE,252.75,255,252.3,253.15,9420
2026-05-25 06:28:00+00,BANKNIFTY,2026-05-26,55100,PE,252,254.5,250.4,251.9,10590
2026-05-25 06:29:00+00,BANKNIFTY,2026-05-26,55100,PE,251.4,255.8,251.4,254,14460
2026-05-25 06:30:00+00,BANKNIFTY,2026-05-26,55100,PE,256.1,268.55,256.1,268.55,68610
2026-05-25 06:31:00+00,BANKNIFTY,2026-05-26,55100,PE,267.35,267.35,267.15,267.15,2310
2026-05-25 06:32:00+00,NIFTY,2026-05-26,23950,CE,110.8,115.3,110.55,112.25,538655
2026-05-25 06:33:00+00,NIFTY,2026-05-26,23950,CE,111.6,111.85,105.85,106.95,1246700
2026-05-25 06:34:00+00,NIFTY,2026-05-26,23950,CE,107.95,110.2,107.3,109.65,674375
2026-05-25 06:35:00+00,NIFTY,2026-05-26,23950,CE,108.75,110.45,107.45,110,544830
2026-05-25 06:36:00+00,NIFTY,2026-05-26,23950,CE,109.8,109.8,109.8,109.8,29770
2026-05-25 06:32:00+00,NIFTY,2026-05-26,23950,PE,82,82.5,78.55,81.45,1066650
2026-05-25 06:33:00+00,NIFTY,2026-05-26,23950,PE,81.5,86.8,81.35,85.95,2117505
2026-05-25 06:34:00+00,NIFTY,2026-05-26,23950,PE,84.9,85.3,82.1,82.5,1183780
2026-05-25 06:35:00+00,NIFTY,2026-05-26,23950,PE,83.4,84.8,82.2,82.45,661375
2026-05-25 06:36:00+00,NIFTY,2026-05-26,23950,PE,82.7,83.4,82.5,83.4,70460
2026-05-25 06:32:00+00,BANKNIFTY,2026-05-26,55000,CE,337.8,346,334.85,336.45,57960
2026-05-25 06:33:00+00,BANKNIFTY,2026-05-26,55000,CE,335.9,336,318.05,319.9,120060
2026-05-25 06:34:00+00,BANKNIFTY,2026-05-26,55000,CE,321.25,325,318.25,321.3,57240
2026-05-25 06:35:00+00,BANKNIFTY,2026-05-26,55000,CE,321.7,321.75,304.55,308.9,116640
2026-05-25 06:36:00+00,BANKNIFTY,2026-05-26,55000,CE,303.7,303.7,302.2,303.3,12510
2026-05-25 06:32:00+00,BANKNIFTY,2026-05-26,55000,PE,225,227.95,219.95,226.2,56610
2026-05-25 06:33:00+00,BANKNIFTY,2026-05-26,55000,PE,226.75,237.6,226.75,237.25,110700
2026-05-25 06:34:00+00,BANKNIFTY,2026-05-26,55000,PE,235.65,238.6,232.75,234.85,113520
2026-05-25 06:35:00+00,BANKNIFTY,2026-05-26,55000,PE,234.9,244.8,234.4,239.35,145650
2026-05-25 06:36:00+00,BANKNIFTY,2026-05-26,55000,PE,242.15,243.65,242.15,243.35,7920
2026-05-25 06:37:00+00,NIFTY,2026-05-26,23950,CE,111.5,112.75,110.3,111.45,557050
2026-05-25 06:38:00+00,NIFTY,2026-05-26,23950,CE,111.5,111.9,106.5,106.9,584285
2026-05-25 06:39:00+00,NIFTY,2026-05-26,23950,CE,106.85,107.8,104.05,104.25,1221675
2026-05-25 06:40:00+00,NIFTY,2026-05-26,23950,CE,104.05,106.85,101.65,106.65,1088620
2026-05-25 06:41:00+00,NIFTY,2026-05-26,23950,CE,106.4,106.4,106.3,106.4,41860
2026-05-25 06:37:00+00,NIFTY,2026-05-26,23950,PE,80.95,81.5,79.55,80.4,531635
2026-05-25 06:38:00+00,NIFTY,2026-05-26,23950,PE,80.65,85.05,79.95,84.75,1024985
2026-05-25 06:39:00+00,NIFTY,2026-05-26,23950,PE,85,86.9,83.55,86.6,1240525
2026-05-25 06:40:00+00,NIFTY,2026-05-26,23950,PE,87,87.5,83.75,84,1192620
2026-05-25 06:41:00+00,NIFTY,2026-05-26,23950,PE,83.75,84.35,83.75,84.35,31200
2026-05-25 06:37:00+00,BANKNIFTY,2026-05-26,55000,CE,314.2,319.5,312,316,73650
2026-05-25 06:38:00+00,BANKNIFTY,2026-05-26,55000,CE,315.5,319,307.8,308.8,67020
2026-05-25 06:39:00+00,BANKNIFTY,2026-05-26,55000,CE,306.55,312.45,302.75,303.45,56850
2026-05-25 06:40:00+00,BANKNIFTY,2026-05-26,55000,CE,303.45,318.15,303.45,314.05,55110
2026-05-25 06:41:00+00,BANKNIFTY,2026-05-26,55000,CE,311.8,312.1,309.45,309.45,7050
2026-05-25 06:37:00+00,BANKNIFTY,2026-05-26,55000,PE,234.4,237.6,232.7,236,70290
2026-05-25 06:38:00+00,BANKNIFTY,2026-05-26,55000,PE,236.5,244.55,236.1,244.15,78600
2026-05-25 06:39:00+00,BANKNIFTY,2026-05-26,55000,PE,244.3,246,239.05,245.9,92760
2026-05-25 06:40:00+00,BANKNIFTY,2026-05-26,55000,PE,246.25,246.5,236.65,240.9,87750
2026-05-25 06:41:00+00,BANKNIFTY,2026-05-26,55000,PE,242.25,243.4,242.25,242.65,4380
2026-05-25 06:42:00+00,NIFTY,2026-05-26,23950,CE,106.7,108.65,106.7,108,348465
2026-05-25 06:43:00+00,NIFTY,2026-05-26,23950,CE,109.3,109.3,104.4,104.4,518245
2026-05-25 06:44:00+00,NIFTY,2026-05-26,23950,CE,104.05,106.3,104.05,106.1,300235
2026-05-25 06:45:00+00,NIFTY,2026-05-26,23950,CE,106.1,106.5,103.2,103.55,561795
2026-05-25 06:46:00+00,NIFTY,2026-05-26,23950,CE,103.1,103.2,103.1,103.2,51480
2026-05-25 06:42:00+00,NIFTY,2026-05-26,23950,PE,83,83.25,80.95,81.9,520455
2026-05-25 06:43:00+00,NIFTY,2026-05-26,23950,PE,80.55,86.8,80.55,86.8,756860
2026-05-25 06:44:00+00,NIFTY,2026-05-26,23950,PE,86.6,86.85,84.25,84.5,615095
2026-05-25 06:45:00+00,NIFTY,2026-05-26,23950,PE,84,87.5,83.9,87.45,979485
2026-05-25 06:46:00+00,NIFTY,2026-05-26,23950,PE,87.7,87.7,87.45,87.55,119080
2026-05-25 06:42:00+00,BANKNIFTY,2026-05-26,55000,CE,314.6,316.15,311,314.3,35130
2026-05-25 06:43:00+00,BANKNIFTY,2026-05-26,55000,CE,315.55,316.4,309.15,310,51330
2026-05-25 06:44:00+00,BANKNIFTY,2026-05-26,55000,CE,309.8,314.2,306.75,312,27540
2026-05-25 06:45:00+00,BANKNIFTY,2026-05-26,55000,CE,312.05,314.5,308,313.3,34620
2026-05-25 06:46:00+00,BANKNIFTY,2026-05-26,55000,CE,309.75,309.75,309.2,309.35,2610
2026-05-25 06:42:00+00,BANKNIFTY,2026-05-26,55000,PE,240.15,243,238.15,239.85,32550
2026-05-25 06:43:00+00,BANKNIFTY,2026-05-26,55000,PE,238.5,244.5,238.5,243.3,50250
2026-05-25 06:44:00+00,BANKNIFTY,2026-05-26,55000,PE,243.9,246,240.55,242.85,51930
2026-05-25 06:45:00+00,BANKNIFTY,2026-05-26,55000,PE,242.95,245,240.6,241.65,36240
2026-05-25 06:46:00+00,BANKNIFTY,2026-05-26,55000,PE,243.9,244.4,242.8,242.8,11040
2026-05-25 06:47:00+00,NIFTY,2026-05-26,23950,CE,103.7,105,103.1,104.85,375960
2026-05-25 06:48:00+00,NIFTY,2026-05-26,23950,CE,105.5,107.85,104.5,107.75,606060
2026-05-25 06:49:00+00,NIFTY,2026-05-26,23950,CE,107.65,107.85,105.5,106.95,656825
2026-05-25 06:50:00+00,NIFTY,2026-05-26,23950,CE,106.55,107.35,103.7,105.85,492505
2026-05-25 06:51:00+00,NIFTY,2026-05-26,23950,CE,104.95,105.3,104.35,104.4,51545
2026-05-25 06:47:00+00,NIFTY,2026-05-26,23950,PE,85.95,86.5,84.4,84.65,657345
2026-05-25 06:48:00+00,NIFTY,2026-05-26,23950,PE,83.9,84.7,81.5,81.8,864825
2026-05-25 06:49:00+00,NIFTY,2026-05-26,23950,PE,82.3,84.4,81.8,83.2,542295
2026-05-25 06:50:00+00,NIFTY,2026-05-26,23950,PE,83.15,86.3,82.5,84.3,796900
2026-05-25 06:51:00+00,NIFTY,2026-05-26,23950,PE,85,85.9,84.85,85.9,73840
2026-05-25 06:47:00+00,BANKNIFTY,2026-05-26,55000,CE,312.2,315.9,308.6,315.9,47670
2026-05-25 06:48:00+00,BANKNIFTY,2026-05-26,55000,CE,319,329.55,315.6,326.7,122070
2026-05-25 06:49:00+00,BANKNIFTY,2026-05-26,55000,CE,327.2,331.6,322.85,326.05,88950
2026-05-25 06:50:00+00,BANKNIFTY,2026-05-26,55000,CE,325.25,327.35,317.25,327.25,72360
2026-05-25 06:51:00+00,BANKNIFTY,2026-05-26,55000,CE,328.25,328.25,320.25,320.25,18780
2026-05-25 06:47:00+00,BANKNIFTY,2026-05-26,55000,PE,242,244.85,234.3,234.3,79950
2026-05-25 06:48:00+00,BANKNIFTY,2026-05-26,55000,PE,231.25,231.7,219.05,225.05,184530
2026-05-25 06:49:00+00,BANKNIFTY,2026-05-26,55000,PE,225.95,230.45,222.2,228,75030
2026-05-25 06:50:00+00,BANKNIFTY,2026-05-26,55000,PE,228.45,236.25,227.7,227.95,72060
2026-05-25 06:51:00+00,BANKNIFTY,2026-05-26,55000,PE,227.7,234.2,227.7,234.2,7590
2026-05-25 06:52:00+00,NIFTY,2026-05-26,23950,CE,102.45,105.45,100.8,105,686010
2026-05-25 06:53:00+00,NIFTY,2026-05-26,23950,CE,105.6,107.8,104.15,106.45,641095
2026-05-25 06:54:00+00,NIFTY,2026-05-26,23950,CE,106.55,107,103.35,103.35,351130
2026-05-25 06:55:00+00,NIFTY,2026-05-26,23950,CE,103.9,106.3,103.8,105.7,305760
2026-05-25 06:56:00+00,NIFTY,2026-05-26,23950,CE,106.25,106.35,105.9,106.35,36920
2026-05-25 06:52:00+00,NIFTY,2026-05-26,23950,PE,87.9,88.85,84.8,84.95,1179685
2026-05-25 06:53:00+00,NIFTY,2026-05-26,23950,PE,84.2,85.4,81.25,82.45,929760
2026-05-25 06:54:00+00,NIFTY,2026-05-26,23950,PE,82,85.95,82,85.9,616785
2026-05-25 06:55:00+00,NIFTY,2026-05-26,23950,PE,85.9,85.9,83.25,84,467025
2026-05-25 06:56:00+00,NIFTY,2026-05-26,23950,PE,83.45,83.55,83,83,29640
2026-05-25 06:52:00+00,BANKNIFTY,2026-05-26,55000,CE,310.95,319.8,307.7,318.7,54540
2026-05-25 06:53:00+00,BANKNIFTY,2026-05-26,55000,CE,318.95,320,310.9,316,30540
2026-05-25 06:54:00+00,BANKNIFTY,2026-05-26,55000,CE,315.7,316.9,308.4,308.95,34200
2026-05-25 06:55:00+00,BANKNIFTY,2026-05-26,55000,CE,309.85,313.7,308.6,310,22890
2026-05-25 06:56:00+00,BANKNIFTY,2026-05-26,55000,CE,309.3,311.25,308,311.25,5670
2026-05-25 06:52:00+00,BANKNIFTY,2026-05-26,55000,PE,240.35,244.5,233.75,234.8,90420
2026-05-25 06:53:00+00,BANKNIFTY,2026-05-26,55000,PE,234.6,240.4,232.85,236.65,37050
2026-05-25 06:54:00+00,BANKNIFTY,2026-05-26,55000,PE,237,241.95,235.15,240.6,31770
2026-05-25 06:55:00+00,BANKNIFTY,2026-05-26,55000,PE,240.6,242.1,238.45,240,42270
2026-05-25 06:56:00+00,BANKNIFTY,2026-05-26,55000,PE,239.7,241.8,239.35,239.35,6030
2026-05-25 06:57:00+00,NIFTY,2026-05-26,23950,CE,104.4,104.45,103.2,103.6,249015
2026-05-25 06:58:00+00,NIFTY,2026-05-26,23950,CE,103.45,103.45,101.2,103.45,525980
2026-05-25 06:59:00+00,NIFTY,2026-05-26,23950,CE,102.4,103,98.3,98.85,1598090
2026-05-25 07:00:00+00,NIFTY,2026-05-26,23950,CE,99.3,100.35,97,100.35,962585
2026-05-25 07:01:00+00,NIFTY,2026-05-26,23950,CE,100.2,100.45,98.75,98.75,127985
2026-05-25 06:57:00+00,NIFTY,2026-05-26,23950,PE,85.9,86.5,85,86.15,530075
2026-05-25 06:58:00+00,NIFTY,2026-05-26,23950,PE,86.3,88.35,85.75,85.75,866060
2026-05-25 06:59:00+00,NIFTY,2026-05-26,23950,PE,87,89.5,86.55,89.5,950105
2026-05-25 07:00:00+00,NIFTY,2026-05-26,23950,PE,88.9,92.4,87.8,88.45,2256865
2026-05-25 07:01:00+00,NIFTY,2026-05-26,23950,PE,88.65,90.55,88.45,90.55,182000
2026-05-25 06:57:00+00,BANKNIFTY,2026-05-26,55000,CE,297,297,281.4,284.85,161790
2026-05-25 06:58:00+00,BANKNIFTY,2026-05-26,55000,CE,287.2,293.55,286.35,293.55,56610
2026-05-25 06:59:00+00,BANKNIFTY,2026-05-26,55000,CE,296.25,297.25,285.45,286.15,50730
2026-05-25 07:00:00+00,BANKNIFTY,2026-05-26,55000,CE,287.1,291.45,275.45,291.4,109170
2026-05-25 07:01:00+00,BANKNIFTY,2026-05-26,55000,CE,291.45,295,291.1,291.1,13590
2026-05-25 06:57:00+00,BANKNIFTY,2026-05-26,55000,PE,248.25,258,247.6,256.75,206250
2026-05-25 06:58:00+00,BANKNIFTY,2026-05-26,55000,PE,254,256.3,249.1,249.1,93180
2026-05-25 06:59:00+00,BANKNIFTY,2026-05-26,55000,PE,246.75,255.4,246.1,255.4,106950
2026-05-25 07:00:00+00,BANKNIFTY,2026-05-26,55000,PE,254.65,261.6,251.3,251.75,137430
2026-05-25 07:01:00+00,BANKNIFTY,2026-05-26,55000,PE,252.05,252.55,247.55,252.15,29610
2026-05-25 07:02:00+00,NIFTY,2026-05-26,23950,CE,99.85,101.8,98.8,101.3,425490
2026-05-25 07:03:00+00,NIFTY,2026-05-26,23950,CE,101.5,102,99.95,101.7,436995
2026-05-25 07:04:00+00,NIFTY,2026-05-26,23950,CE,102.35,102.85,101.5,102.6,513500
2026-05-25 07:05:00+00,NIFTY,2026-05-26,23950,CE,102.25,105.9,101.7,101.7,1122680
2026-05-25 07:06:00+00,NIFTY,2026-05-26,23950,CE,101.8,102.25,101.35,101.35,98150
2026-05-25 07:02:00+00,NIFTY,2026-05-26,23950,PE,88.05,89.4,85.8,86.65,795275
2026-05-25 07:03:00+00,NIFTY,2026-05-26,23950,PE,86.5,88.35,85.7,86.1,616720
2026-05-25 07:04:00+00,NIFTY,2026-05-26,23950,PE,85.15,86,84.05,84.35,783185
2026-05-25 07:05:00+00,NIFTY,2026-05-26,23950,PE,84.75,85.9,81.5,85.8,1287130
2026-05-25 07:06:00+00,NIFTY,2026-05-26,23950,PE,85.5,86.55,85.15,86.55,121160
2026-05-25 07:02:00+00,BANKNIFTY,2026-05-26,55000,CE,293.4,295.1,287.95,292,73170
2026-05-25 07:03:00+00,BANKNIFTY,2026-05-26,55000,CE,292.5,295.05,290.3,294.4,28020
2026-05-25 07:04:00+00,BANKNIFTY,2026-05-26,55000,CE,295,299,293.3,296,46080
2026-05-25 07:05:00+00,BANKNIFTY,2026-05-26,55000,CE,297.2,310.4,295.3,304.6,110340
2026-05-25 07:06:00+00,BANKNIFTY,2026-05-26,55000,CE,306.15,306.15,299.1,299.1,16650
2026-05-25 07:02:00+00,BANKNIFTY,2026-05-26,55000,PE,248.2,255.1,248,252.45,67260
2026-05-25 07:03:00+00,BANKNIFTY,2026-05-26,55000,PE,252.75,254.95,250.05,250.05,48720
2026-05-25 07:04:00+00,BANKNIFTY,2026-05-26,55000,PE,249.55,251.25,247,249.2,38580
2026-05-25 07:05:00+00,BANKNIFTY,2026-05-26,55000,PE,250,250.1,233.45,241.6,139980
2026-05-25 07:06:00+00,BANKNIFTY,2026-05-26,55000,PE,240.85,246,240.45,246,15450
2026-05-25 07:07:00+00,NIFTY,2026-05-26,23950,CE,103.6,106.1,102.85,104.4,559390
2026-05-25 07:08:00+00,NIFTY,2026-05-26,23950,CE,104.7,105.15,102.85,103.65,393705
2026-05-25 07:09:00+00,NIFTY,2026-05-26,23950,CE,103.55,104.9,101.2,101.7,431665
2026-05-25 07:10:00+00,NIFTY,2026-05-26,23950,CE,100.3,102.1,98.8,101.85,659360
2026-05-25 07:11:00+00,NIFTY,2026-05-26,23950,CE,101.55,102.55,101.55,102,114010
2026-05-25 07:07:00+00,NIFTY,2026-05-26,23950,PE,83.55,84.35,81.3,82.75,527930
2026-05-25 07:08:00+00,NIFTY,2026-05-26,23950,PE,83,84.2,82.05,83.05,451815
2026-05-25 07:09:00+00,NIFTY,2026-05-26,23950,PE,83.4,86.25,82.1,85.95,552955
2026-05-25 07:10:00+00,NIFTY,2026-05-26,23950,PE,86.8,88.6,84.85,84.85,1214980
2026-05-25 07:11:00+00,NIFTY,2026-05-26,23950,PE,85.2,85.35,84.7,85,135525
2026-05-25 07:07:00+00,BANKNIFTY,2026-05-26,55000,CE,299.8,305.65,298.25,301.25,34590
2026-05-25 07:08:00+00,BANKNIFTY,2026-05-26,55000,CE,300.35,304,299.45,303.1,35190
2026-05-25 07:09:00+00,BANKNIFTY,2026-05-26,55000,CE,304.1,304.1,283.35,283.85,90960
2026-05-25 07:10:00+00,BANKNIFTY,2026-05-26,55000,CE,281.95,290.9,279.5,289.15,78360
2026-05-25 07:11:00+00,BANKNIFTY,2026-05-26,55000,CE,289.65,289.7,287,287,8310
2026-05-25 07:07:00+00,BANKNIFTY,2026-05-26,55000,PE,248.4,250,245.25,250,39600
2026-05-25 07:08:00+00,BANKNIFTY,2026-05-26,55000,PE,249.2,250.65,244.75,244.75,29760
2026-05-25 07:09:00+00,BANKNIFTY,2026-05-26,55000,PE,245.55,258,245.55,258,81060
2026-05-25 07:10:00+00,BANKNIFTY,2026-05-26,55000,PE,259,263.3,251.25,255.65,110730
2026-05-25 07:11:00+00,BANKNIFTY,2026-05-26,55000,PE,255.65,258,255.3,256.8,12270
2026-05-25 07:12:00+00,NIFTY,2026-05-26,23950,CE,102.6,104.15,102,104.15,375505
2026-05-25 07:13:00+00,NIFTY,2026-05-26,23950,CE,104.3,104.7,101.5,103.05,337935
2026-05-25 07:14:00+00,NIFTY,2026-05-26,23950,CE,102.7,103.1,98.8,99,479505
2026-05-25 07:15:00+00,NIFTY,2026-05-26,23950,CE,98.9,99.75,97.5,99.65,599690
2026-05-25 07:16:00+00,NIFTY,2026-05-26,23950,CE,98.8,99.15,98.55,98.55,71825
2026-05-25 07:12:00+00,NIFTY,2026-05-26,23950,PE,84.7,85.1,82.6,82.6,496340
2026-05-25 07:13:00+00,NIFTY,2026-05-26,23950,PE,82.85,85.5,82.5,84.25,365300
2026-05-25 07:14:00+00,NIFTY,2026-05-26,23950,PE,84.35,88.45,84.2,88.25,639340
2026-05-25 07:15:00+00,NIFTY,2026-05-26,23950,PE,88.35,89.2,86.5,86.6,893815
2026-05-25 07:16:00+00,NIFTY,2026-05-26,23950,PE,87.4,87.6,87.2,87.5,114205
2026-05-25 07:12:00+00,BANKNIFTY,2026-05-26,55000,CE,290.95,298.85,287.55,297.55,53040
2026-05-25 07:13:00+00,BANKNIFTY,2026-05-26,55000,CE,298.5,299.95,288.35,289.95,42030
2026-05-25 07:14:00+00,BANKNIFTY,2026-05-26,55000,CE,289.6,289.65,282.65,283.1,45300
2026-05-25 07:15:00+00,BANKNIFTY,2026-05-26,55000,CE,287.25,289,280.55,286.4,67410
2026-05-25 07:16:00+00,BANKNIFTY,2026-05-26,55000,CE,283.15,284.9,278,279.4,11400
2026-05-25 07:12:00+00,BANKNIFTY,2026-05-26,55000,PE,253,253.65,244.2,245.15,74820
2026-05-25 07:13:00+00,BANKNIFTY,2026-05-26,55000,PE,244.05,255.85,243.5,255.25,45990
2026-05-25 07:14:00+00,BANKNIFTY,2026-05-26,55000,PE,254.55,260,253.8,259.95,65880
2026-05-25 07:15:00+00,BANKNIFTY,2026-05-26,55000,PE,257.4,262.5,253.4,255.85,92340
2026-05-25 07:16:00+00,BANKNIFTY,2026-05-26,55000,PE,257.85,260.2,256.45,259.2,13560
2026-05-25 07:17:00+00,NIFTY,2026-05-26,23950,CE,94.6,96.35,92.8,96.15,1128465
2026-05-25 07:18:00+00,NIFTY,2026-05-26,23950,CE,95.8,95.8,85.1,87,1925105
2026-05-25 07:19:00+00,NIFTY,2026-05-26,23950,CE,86.25,92.7,86.25,89.35,1467635
2026-05-25 07:20:00+00,NIFTY,2026-05-26,23950,CE,88.45,91,85.95,90.95,1199705
2026-05-25 07:21:00+00,NIFTY,2026-05-26,23950,CE,91.35,91.75,90.9,90.9,255710
2026-05-25 07:17:00+00,NIFTY,2026-05-26,23950,PE,91.3,92.65,88.25,88.4,1595880
2026-05-25 07:18:00+00,NIFTY,2026-05-26,23950,PE,89.2,99.65,89.05,97.15,2945670
2026-05-25 07:19:00+00,NIFTY,2026-05-26,23950,PE,98.65,98.65,93.2,97.15,2377700
2026-05-25 07:20:00+00,NIFTY,2026-05-26,23950,PE,98.3,102.65,94.8,94.95,2823340
2026-05-25 07:21:00+00,NIFTY,2026-05-26,23950,PE,94.55,95.8,94.5,95.8,332605
2026-05-25 07:17:00+00,BANKNIFTY,2026-05-26,54900,CE,323.15,325.45,311.15,322.1,57990
2026-05-25 07:18:00+00,BANKNIFTY,2026-05-26,54900,CE,321.35,322.35,284.65,285.2,100470
2026-05-25 07:19:00+00,BANKNIFTY,2026-05-26,54900,CE,286.9,300.6,286.4,289.65,68430
2026-05-25 07:20:00+00,BANKNIFTY,2026-05-26,54900,CE,287.7,302.6,287.55,301.3,60090
2026-05-25 07:21:00+00,BANKNIFTY,2026-05-26,54900,CE,303,306.9,301.8,302.25,19860
2026-05-25 07:17:00+00,BANKNIFTY,2026-05-26,54900,PE,220.8,225.9,219.2,220.45,85230
2026-05-25 07:18:00+00,BANKNIFTY,2026-05-26,54900,PE,220.6,244.7,219.4,242.4,131730
2026-05-25 07:19:00+00,BANKNIFTY,2026-05-26,54900,PE,241.8,245,235.9,242.1,130290
2026-05-25 07:20:00+00,BANKNIFTY,2026-05-26,54900,PE,242.3,248.85,233.95,236.3,132780
2026-05-25 07:21:00+00,BANKNIFTY,2026-05-26,54900,PE,233.95,236,230.3,235.9,18810
2026-05-25 07:22:00+00,NIFTY,2026-05-26,23950,CE,91.75,93.95,91.4,93.7,852345
2026-05-25 07:23:00+00,NIFTY,2026-05-26,23950,CE,93.65,93.65,91.1,91.45,593060
2026-05-25 07:24:00+00,NIFTY,2026-05-26,23950,CE,91.5,96.4,91.5,95.3,983645
2026-05-25 07:25:00+00,NIFTY,2026-05-26,23950,CE,95.15,95.15,91.55,92.65,769990
2026-05-25 07:26:00+00,NIFTY,2026-05-26,23950,CE,92.35,92.9,92,92.8,115895
2026-05-25 07:22:00+00,NIFTY,2026-05-26,23950,PE,95.8,96.65,91.95,92,1117805
2026-05-25 07:23:00+00,NIFTY,2026-05-26,23950,PE,92.15,95.25,92.05,94.5,726765
2026-05-25 07:24:00+00,NIFTY,2026-05-26,23950,PE,94.95,94.95,88.8,90.55,1280110
2026-05-25 07:25:00+00,NIFTY,2026-05-26,23950,PE,90.65,94.8,90.65,93.45,1025960
2026-05-25 07:26:00+00,NIFTY,2026-05-26,23950,PE,93.7,94,92.7,92.75,184990
2026-05-25 07:22:00+00,BANKNIFTY,2026-05-26,54900,CE,308,310,296.9,307.65,38730
2026-05-25 07:23:00+00,BANKNIFTY,2026-05-26,54900,CE,306.5,309,295.25,299.5,26700
2026-05-25 07:24:00+00,BANKNIFTY,2026-05-26,54900,CE,299.3,309.8,299.3,304.3,24870
2026-05-25 07:25:00+00,BANKNIFTY,2026-05-26,54900,CE,304.7,304.7,296.6,299.55,27150
2026-05-25 07:26:00+00,BANKNIFTY,2026-05-26,54900,CE,299.55,303,299,302.95,3810
2026-05-25 07:22:00+00,BANKNIFTY,2026-05-26,54900,PE,229.05,238.7,225.5,228.9,68340
2026-05-25 07:23:00+00,BANKNIFTY,2026-05-26,54900,PE,229.35,237,229.35,235.85,41640
2026-05-25 07:24:00+00,BANKNIFTY,2026-05-26,54900,PE,236.05,236.05,225.1,229.9,40320
2026-05-25 07:25:00+00,BANKNIFTY,2026-05-26,54900,PE,230,239,230,237.75,44850
2026-05-25 07:26:00+00,BANKNIFTY,2026-05-26,54900,PE,238.75,238.75,231.5,231.5,14640
2026-05-25 07:27:00+00,NIFTY,2026-05-26,23950,CE,94.65,94.8,92.5,94.25,442195
2026-05-25 07:28:00+00,NIFTY,2026-05-26,23950,CE,94.25,95.5,92.4,95.35,477035
2026-05-25 07:29:00+00,NIFTY,2026-05-26,23950,CE,95.6,95.95,93.85,94.1,446485
2026-05-25 07:30:00+00,NIFTY,2026-05-26,23950,CE,94.95,95.25,92,95.25,585325
2026-05-25 07:31:00+00,NIFTY,2026-05-26,23950,CE,93.45,93.8,93,93.25,93470
2026-05-25 07:27:00+00,NIFTY,2026-05-26,23950,PE,90.3,92,88.95,89.4,578305
2026-05-25 07:28:00+00,NIFTY,2026-05-26,23950,PE,90,91.5,88.3,88.4,615940
2026-05-25 07:29:00+00,NIFTY,2026-05-26,23950,PE,88.45,91.1,88.15,90.75,500760
2026-05-25 07:30:00+00,NIFTY,2026-05-26,23950,PE,89.9,93.25,89.35,89.7,891345
2026-05-25 07:31:00+00,NIFTY,2026-05-26,23950,PE,91.7,92,91.05,91.95,146120
2026-05-25 07:27:00+00,BANKNIFTY,2026-05-26,55000,CE,253.35,263.05,252.55,262.4,73770
2026-05-25 07:28:00+00,BANKNIFTY,2026-05-26,55000,CE,263.95,265.5,255.55,265.5,100050
2026-05-25 07:29:00+00,BANKNIFTY,2026-05-26,55000,CE,266.95,267.8,262,265.65,63180
2026-05-25 07:30:00+00,BANKNIFTY,2026-05-26,55000,CE,266.2,266.75,257.1,265.85,73020
2026-05-25 07:31:00+00,BANKNIFTY,2026-05-26,55000,CE,266,266,257.45,257.75,22350
2026-05-25 07:27:00+00,BANKNIFTY,2026-05-26,55000,PE,276.65,278.6,262.15,262.5,101910
2026-05-25 07:28:00+00,BANKNIFTY,2026-05-26,55000,PE,262.35,273.3,260.65,260.65,55350
2026-05-25 07:29:00+00,BANKNIFTY,2026-05-26,55000,PE,259.15,265.35,259.1,263.1,47910
2026-05-25 07:30:00+00,BANKNIFTY,2026-05-26,55000,PE,261,271.05,260.05,260.05,74520
2026-05-25 07:31:00+00,BANKNIFTY,2026-05-26,55000,PE,264.75,270.65,264.2,270.65,12570
2026-05-25 07:32:00+00,NIFTY,2026-05-26,23950,CE,94.7,98.8,93,97.8,789945
2026-05-25 07:33:00+00,NIFTY,2026-05-26,23950,CE,107.6,113.6,106.05,110.25,4748640
2026-05-25 07:34:00+00,NIFTY,2026-05-26,23950,CE,109.7,110.75,103.2,104.35,1426750
2026-05-25 07:35:00+00,NIFTY,2026-05-26,23950,CE,104.85,106.85,102.2,105.05,935350
2026-05-25 07:36:00+00,NIFTY,2026-05-26,23950,CE,104.6,105.6,102.05,102.05,253435
2026-05-25 07:32:00+00,NIFTY,2026-05-26,23950,PE,90.4,91.8,84.1,84.85,1273805
2026-05-25 07:33:00+00,NIFTY,2026-05-26,23950,PE,72.35,74.65,63.7,71.2,5905445
2026-05-25 07:34:00+00,NIFTY,2026-05-26,23950,PE,72.4,79,71.2,78,1489930
2026-05-25 07:35:00+00,NIFTY,2026-05-26,23950,PE,78.05,81.05,76.65,79.15,1266850
2026-05-25 07:36:00+00,NIFTY,2026-05-26,23950,PE,79.65,82.15,78.4,82.15,365235
2026-05-25 07:32:00+00,BANKNIFTY,2026-05-26,55000,CE,263,276.8,259.45,276.8,72870
2026-05-25 07:33:00+00,BANKNIFTY,2026-05-26,55000,CE,293.5,309.75,290.55,309.75,367350
2026-05-25 07:34:00+00,BANKNIFTY,2026-05-26,55000,CE,309.4,309.95,295.5,299.05,141030
2026-05-25 07:35:00+00,BANKNIFTY,2026-05-26,55000,CE,299.2,304.25,298.1,302.2,106680
2026-05-25 07:36:00+00,BANKNIFTY,2026-05-26,55000,CE,299.4,302.35,292.45,293.65,41670
2026-05-25 07:32:00+00,BANKNIFTY,2026-05-26,55000,PE,264.4,268.45,242.55,242.55,98940
2026-05-25 07:33:00+00,BANKNIFTY,2026-05-26,55000,PE,224.1,236.9,214.6,223.8,282210
2026-05-25 07:34:00+00,BANKNIFTY,2026-05-26,55000,PE,223.45,235.65,223.45,230.9,90000
2026-05-25 07:35:00+00,BANKNIFTY,2026-05-26,55000,PE,231.9,235.4,228.95,230.65,58800
2026-05-25 07:36:00+00,BANKNIFTY,2026-05-26,55000,PE,232.15,238.2,229.9,237.7,24600
2026-05-25 07:37:00+00,NIFTY,2026-05-26,24000,CE,80.6,83.2,80,80.4,2377115
2026-05-25 07:38:00+00,NIFTY,2026-05-26,24000,CE,80.3,80.8,78.2,80.25,1293890
2026-05-25 07:39:00+00,NIFTY,2026-05-26,24000,CE,79.7,81.2,78.55,81.2,929045
2026-05-25 07:40:00+00,NIFTY,2026-05-26,24000,CE,81.15,82.25,80.55,81.85,1379105
2026-05-25 07:41:00+00,NIFTY,2026-05-26,24000,CE,81.4,81.9,79.95,80,491010
2026-05-25 07:37:00+00,NIFTY,2026-05-26,24000,PE,102.75,102.75,98,102.2,1067105
2026-05-25 07:38:00+00,NIFTY,2026-05-26,24000,PE,101.75,104.2,101.4,102.1,734890
2026-05-25 07:39:00+00,NIFTY,2026-05-26,24000,PE,103,104,100.35,100.5,552370
2026-05-25 07:40:00+00,NIFTY,2026-05-26,24000,PE,100.1,101.5,99.1,99.65,747305
2026-05-25 07:41:00+00,NIFTY,2026-05-26,24000,PE,99.85,101.9,99.45,101.7,169130
2026-05-25 07:37:00+00,BANKNIFTY,2026-05-26,55000,CE,295.55,302.7,294.4,296.8,69720
2026-05-25 07:38:00+00,BANKNIFTY,2026-05-26,55000,CE,297.9,301.35,291.3,300.1,72120
2026-05-25 07:39:00+00,BANKNIFTY,2026-05-26,55000,CE,298.45,300.65,292.9,297.5,53910
2026-05-25 07:40:00+00,BANKNIFTY,2026-05-26,55000,CE,299.35,303.5,297.25,301.75,81600
2026-05-25 07:41:00+00,BANKNIFTY,2026-05-26,55000,CE,301.45,302.05,298.3,298.3,22980
2026-05-25 07:37:00+00,BANKNIFTY,2026-05-26,55000,PE,236.4,238.3,228.9,233.55,56280
2026-05-25 07:38:00+00,BANKNIFTY,2026-05-26,55000,PE,232.35,236.85,229.05,229.05,41940
2026-05-25 07:39:00+00,BANKNIFTY,2026-05-26,55000,PE,231.3,237.25,230.35,230.35,38520
2026-05-25 07:40:00+00,BANKNIFTY,2026-05-26,55000,PE,231.1,232.6,226.7,228.85,49200
2026-05-25 07:41:00+00,BANKNIFTY,2026-05-26,55000,PE,229,231.9,228,231.9,9660
2026-05-25 07:42:00+00,NIFTY,2026-05-26,24000,CE,80.55,81.2,79.2,79.85,654485
2026-05-25 07:43:00+00,NIFTY,2026-05-26,24000,CE,80.4,81.15,79.8,80.85,544895
2026-05-25 07:44:00+00,NIFTY,2026-05-26,24000,CE,80.65,81.1,79.4,79.4,612885
2026-05-25 07:45:00+00,NIFTY,2026-05-26,24000,CE,79.6,80.9,79.25,80.7,580190
2026-05-25 07:46:00+00,NIFTY,2026-05-26,24000,CE,80.8,80.9,78.35,78.35,493285
2026-05-25 07:42:00+00,NIFTY,2026-05-26,24000,PE,99.9,101.6,99.55,101.15,462085
2026-05-25 07:43:00+00,NIFTY,2026-05-26,24000,PE,100.3,100.75,98.95,99.3,475150
2026-05-25 07:44:00+00,NIFTY,2026-05-26,24000,PE,99.2,101.2,99,100.9,473135
2026-05-25 07:45:00+00,NIFTY,2026-05-26,24000,PE,101.25,101.4,99.15,99.5,601055
2026-05-25 07:46:00+00,NIFTY,2026-05-26,24000,PE,99.5,102.75,99.25,102.6,327405
2026-05-25 07:42:00+00,BANKNIFTY,2026-05-26,55000,CE,298,299.8,292.75,298.6,35490
2026-05-25 07:43:00+00,BANKNIFTY,2026-05-26,55000,CE,297.5,303.55,296.05,300.8,38250
2026-05-25 07:44:00+00,BANKNIFTY,2026-05-26,55000,CE,302.2,302.35,288.65,290.7,88140
2026-05-25 07:45:00+00,BANKNIFTY,2026-05-26,55000,CE,289.6,291.35,283.45,291.3,82770
2026-05-25 07:46:00+00,BANKNIFTY,2026-05-26,55000,CE,289.7,292.8,286.25,286.25,23880
2026-05-25 07:42:00+00,BANKNIFTY,2026-05-26,55000,PE,230.2,234.4,229.25,231.3,33780
2026-05-25 07:43:00+00,BANKNIFTY,2026-05-26,55000,PE,231.05,233,225.1,226.85,32040
2026-05-25 07:44:00+00,BANKNIFTY,2026-05-26,55000,PE,225.85,235,225.85,235,36990
2026-05-25 07:45:00+00,BANKNIFTY,2026-05-26,55000,PE,234.8,241.85,233.5,234.75,84990
2026-05-25 07:46:00+00,BANKNIFTY,2026-05-26,55000,PE,233.7,239.2,231.6,239.2,18060
2026-05-25 07:47:00+00,NIFTY,2026-05-26,24000,CE,82.15,82.6,80.6,81.5,922025
2026-05-25 07:48:00+00,NIFTY,2026-05-26,24000,CE,81.05,82.65,79.8,82.15,895050
2026-05-25 07:49:00+00,NIFTY,2026-05-26,24000,CE,82.15,83,81.5,82.55,1116440
2026-05-25 07:50:00+00,NIFTY,2026-05-26,24000,CE,82.75,84.4,82.7,84.2,1705015
2026-05-25 07:51:00+00,NIFTY,2026-05-26,24000,CE,83.65,85.8,83.3,85.4,921115
2026-05-25 07:47:00+00,NIFTY,2026-05-26,24000,PE,97.35,99.75,97.2,98.55,490620
2026-05-25 07:48:00+00,NIFTY,2026-05-26,24000,PE,99.3,100.55,96.4,96.95,572715
2026-05-25 07:49:00+00,NIFTY,2026-05-26,24000,PE,97.15,98,95.25,95.75,671515
2026-05-25 07:50:00+00,NIFTY,2026-05-26,24000,PE,95.75,95.95,94.9,95.45,762255
2026-05-25 07:51:00+00,NIFTY,2026-05-26,24000,PE,96.35,96.35,94.4,94.7,294775
2026-05-25 07:47:00+00,BANKNIFTY,2026-05-26,55000,CE,291.05,293.4,287.85,290.2,32730
2026-05-25 07:48:00+00,BANKNIFTY,2026-05-26,55000,CE,290.1,301.45,288.65,300.4,87090
2026-05-25 07:49:00+00,BANKNIFTY,2026-05-26,55000,CE,299.25,302,297.8,298.3,97350
2026-05-25 07:50:00+00,BANKNIFTY,2026-05-26,55000,CE,298.35,301.9,298,299.2,55860
2026-05-25 07:51:00+00,BANKNIFTY,2026-05-26,55000,CE,297.85,299.75,296.4,298.85,23520
2026-05-25 07:47:00+00,BANKNIFTY,2026-05-26,55000,PE,234,235.6,231.9,233.65,24990
2026-05-25 07:48:00+00,BANKNIFTY,2026-05-26,55000,PE,233.35,233.5,220.75,221.65,74250
2026-05-25 07:49:00+00,BANKNIFTY,2026-05-26,55000,PE,222.05,224.35,219.9,223.75,62160
2026-05-25 07:50:00+00,BANKNIFTY,2026-05-26,55000,PE,224.5,226,222,224.95,35070
2026-05-25 07:51:00+00,BANKNIFTY,2026-05-26,55000,PE,227.25,227.3,224.05,226,14250
2026-05-25 07:52:00+00,NIFTY,2026-05-26,24000,CE,83.2,85.35,82.15,84.45,1058265
2026-05-25 07:53:00+00,NIFTY,2026-05-26,24000,CE,84.25,85.15,82.6,84,788385
2026-05-25 07:54:00+00,NIFTY,2026-05-26,24000,CE,84.15,84.5,82.25,83.6,652535
2026-05-25 07:55:00+00,NIFTY,2026-05-26,24000,CE,84.35,84.55,81.7,81.7,761475
2026-05-25 07:56:00+00,NIFTY,2026-05-26,24000,CE,81.85,83.65,81.85,83.2,307450
2026-05-25 07:52:00+00,NIFTY,2026-05-26,24000,PE,96.7,97.9,94.4,95.25,668785
2026-05-25 07:53:00+00,NIFTY,2026-05-26,24000,PE,95.75,96.85,94.55,95.35,363285
2026-05-25 07:54:00+00,NIFTY,2026-05-26,24000,PE,94.7,97.2,94.7,95.7,408525
2026-05-25 07:55:00+00,NIFTY,2026-05-26,24000,PE,94.9,96.95,94.9,96.95,367640
2026-05-25 07:56:00+00,NIFTY,2026-05-26,24000,PE,96.8,97,94.95,95.4,196365
2026-05-25 07:52:00+00,BANKNIFTY,2026-05-26,55000,CE,297,302,293.65,299.1,77340
2026-05-25 07:53:00+00,BANKNIFTY,2026-05-26,55000,CE,298,301,289.05,291.95,65820
2026-05-25 07:54:00+00,BANKNIFTY,2026-05-26,55000,CE,292.05,293.3,285.6,291.55,46620
2026-05-25 07:55:00+00,BANKNIFTY,2026-05-26,55000,CE,293.7,293.85,285,285,36660
2026-05-25 07:56:00+00,BANKNIFTY,2026-05-26,55000,CE,285.9,289.2,285.25,287,25290
2026-05-25 07:52:00+00,BANKNIFTY,2026-05-26,55000,PE,226.7,229.75,218.05,220.9,51720
2026-05-25 07:53:00+00,BANKNIFTY,2026-05-26,55000,PE,222.9,227.85,218.25,225.85,40050
2026-05-25 07:54:00+00,BANKNIFTY,2026-05-26,55000,PE,225.35,229.45,225.15,226.3,34020
2026-05-25 07:55:00+00,BANKNIFTY,2026-05-26,55000,PE,223.65,231,223.55,231,37170
2026-05-25 07:56:00+00,BANKNIFTY,2026-05-26,55000,PE,230.05,230.85,228.35,229.35,17160
2026-05-25 07:57:00+00,NIFTY,2026-05-26,24000,CE,83.55,85.1,82.7,84.3,1003080
2026-05-25 07:58:00+00,NIFTY,2026-05-26,24000,CE,84.7,86.8,83.05,83.45,1650415
2026-05-25 07:59:00+00,NIFTY,2026-05-26,24000,CE,82.8,85.5,82.5,84.8,851435
2026-05-25 08:00:00+00,NIFTY,2026-05-26,24000,CE,84.75,84.75,81.1,82.05,1162850
2026-05-25 08:01:00+00,NIFTY,2026-05-26,24000,CE,83.15,85.6,82.7,85.45,550810
2026-05-25 07:57:00+00,NIFTY,2026-05-26,24000,PE,95.2,95.9,93.25,93.7,779480
2026-05-25 07:58:00+00,NIFTY,2026-05-26,24000,PE,93.45,95.45,91.75,95.2,898625
2026-05-25 07:59:00+00,NIFTY,2026-05-26,24000,PE,95.85,96.25,93.75,94.45,634400
2026-05-25 08:00:00+00,NIFTY,2026-05-26,24000,PE,94.15,97.6,94.1,96.65,919360
2026-05-25 08:01:00+00,NIFTY,2026-05-26,24000,PE,95.6,96,93.4,93.5,359905
2026-05-25 07:57:00+00,BANKNIFTY,2026-05-26,55000,CE,288.5,297,287.85,296.95,45930
2026-05-25 07:58:00+00,BANKNIFTY,2026-05-26,55000,CE,295.4,298.4,288.75,289.75,37800
2026-05-25 07:59:00+00,BANKNIFTY,2026-05-26,55000,CE,288.2,296.95,287.2,294.8,40230
2026-05-25 08:00:00+00,BANKNIFTY,2026-05-26,55000,CE,295.45,295.45,284.3,289.05,59580
2026-05-25 08:01:00+00,BANKNIFTY,2026-05-26,55000,CE,290.7,292.9,288.9,291.15,14970
2026-05-25 07:57:00+00,BANKNIFTY,2026-05-26,55000,PE,228.75,230.3,220.4,221.65,40230
2026-05-25 07:58:00+00,BANKNIFTY,2026-05-26,55000,PE,224.25,227.95,219.5,227,32760
2026-05-25 07:59:00+00,BANKNIFTY,2026-05-26,55000,PE,228.6,229,221.4,223.4,20160
2026-05-25 08:00:00+00,BANKNIFTY,2026-05-26,55000,PE,222.95,231.55,222.95,227.95,36780
2026-05-25 08:01:00+00,BANKNIFTY,2026-05-26,55000,PE,227.2,228.2,224,224,16410
2026-05-25 08:02:00+00,NIFTY,2026-05-26,24000,CE,86.45,87.35,83.05,83.05,1815320
2026-05-25 08:03:00+00,NIFTY,2026-05-26,24000,CE,82.1,83.7,82.05,83.45,925275
2026-05-25 08:04:00+00,NIFTY,2026-05-26,24000,CE,83.45,84.85,83.4,84.5,732615
2026-05-25 08:05:00+00,NIFTY,2026-05-26,24000,CE,84.3,84.35,81.9,82.65,934180
2026-05-25 08:06:00+00,NIFTY,2026-05-26,24000,CE,81.95,82.45,81.25,81.55,507910
2026-05-25 08:02:00+00,NIFTY,2026-05-26,24000,PE,92.65,95.45,91.45,95.4,1138735
2026-05-25 08:03:00+00,NIFTY,2026-05-26,24000,PE,96.25,96.4,94.75,95,623805
2026-05-25 08:04:00+00,NIFTY,2026-05-26,24000,PE,94.85,95.25,94,94.1,331695
2026-05-25 08:05:00+00,NIFTY,2026-05-26,24000,PE,94.45,96.5,94.35,95.9,731900
2026-05-25 08:06:00+00,NIFTY,2026-05-26,24000,PE,96.4,97,96.1,96.85,346190
2026-05-25 08:02:00+00,BANKNIFTY,2026-05-26,55000,CE,294,296.65,286.7,287.1,46830
2026-05-25 08:03:00+00,BANKNIFTY,2026-05-26,55000,CE,286,289.05,285.05,287.5,32940
2026-05-25 08:04:00+00,BANKNIFTY,2026-05-26,55000,CE,288.75,291,287.1,289.7,18510
2026-05-25 08:05:00+00,BANKNIFTY,2026-05-26,55000,CE,290.4,290.45,269,274.35,143100
2026-05-25 08:06:00+00,BANKNIFTY,2026-05-26,55000,CE,273.5,275.7,268.05,270.35,51720
2026-05-25 08:02:00+00,BANKNIFTY,2026-05-26,55000,PE,223.35,227.65,219,227.45,39030
2026-05-25 08:03:00+00,BANKNIFTY,2026-05-26,55000,PE,228.1,230,227.05,228.85,32820
2026-05-25 08:04:00+00,BANKNIFTY,2026-05-26,55000,PE,228,228.85,225.2,227.25,25500
2026-05-25 08:05:00+00,BANKNIFTY,2026-05-26,55000,PE,226.05,238.4,226.05,237.35,61140
2026-05-25 08:06:00+00,BANKNIFTY,2026-05-26,55000,PE,236.8,243.4,236.45,240.95,60180
2026-05-25 08:07:00+00,NIFTY,2026-05-26,24000,CE,81.8,83.35,81,82.3,963950
2026-05-25 08:08:00+00,NIFTY,2026-05-26,24000,CE,81.85,82.25,80.4,80.75,734760
2026-05-25 08:09:00+00,NIFTY,2026-05-26,24000,CE,80.45,82.6,79.7,82,1292655
2026-05-25 08:10:00+00,NIFTY,2026-05-26,24000,CE,81.45,81.5,79.65,80.4,606580
2026-05-25 08:11:00+00,NIFTY,2026-05-26,24000,CE,79.95,80.5,79.8,79.95,245635
2026-05-25 08:07:00+00,NIFTY,2026-05-26,24000,PE,96.6,97.35,94.7,95.95,864890
2026-05-25 08:08:00+00,NIFTY,2026-05-26,24000,PE,96.3,97,95.85,96.75,431600
2026-05-25 08:09:00+00,NIFTY,2026-05-26,24000,PE,96.85,97.85,95.1,95.7,1040715
2026-05-25 08:10:00+00,NIFTY,2026-05-26,24000,PE,96.05,97.85,96.05,97.25,685035
2026-05-25 08:11:00+00,NIFTY,2026-05-26,24000,PE,97.8,97.8,96.9,97.2,313625
2026-05-25 08:07:00+00,BANKNIFTY,2026-05-26,55000,CE,271.25,271.65,262.95,266.3,96630
2026-05-25 08:08:00+00,BANKNIFTY,2026-05-26,55000,CE,264.7,268.2,262.95,266,54870
2026-05-25 08:09:00+00,BANKNIFTY,2026-05-26,55000,CE,266.8,270.4,259.9,268.75,72390
2026-05-25 08:10:00+00,BANKNIFTY,2026-05-26,55000,CE,267.95,269,262.1,264.8,41760
2026-05-25 08:11:00+00,BANKNIFTY,2026-05-26,55000,CE,263.6,266.65,262.55,266,10560
2026-05-25 08:07:00+00,BANKNIFTY,2026-05-26,55000,PE,243.55,249.65,242.7,247,106290
2026-05-25 08:08:00+00,BANKNIFTY,2026-05-26,55000,PE,248,249.55,243.6,245.8,49290
2026-05-25 08:09:00+00,BANKNIFTY,2026-05-26,55000,PE,244.05,251.6,240.35,244.35,66030
2026-05-25 08:10:00+00,BANKNIFTY,2026-05-26,55000,PE,244,251.25,243.5,248.75,48690
2026-05-25 08:11:00+00,BANKNIFTY,2026-05-26,55000,PE,250.9,251.15,247,248.3,21060
2026-05-25 08:12:00+00,NIFTY,2026-05-26,23950,CE,103,103.55,97.35,97.35,1298050
2026-05-25 08:13:00+00,NIFTY,2026-05-26,23950,CE,97.7,101.15,94.7,101.15,1224535
2026-05-25 08:14:00+00,NIFTY,2026-05-26,23950,CE,100.95,100.95,97.2,97.3,533455
2026-05-25 08:15:00+00,NIFTY,2026-05-26,23950,CE,96.85,100.25,96.3,98.7,587405
2026-05-25 08:16:00+00,NIFTY,2026-05-26,23950,CE,100.7,101.5,99.95,101.4,303550
2026-05-25 08:12:00+00,NIFTY,2026-05-26,23950,PE,75,78.65,74.8,78.45,1896960
2026-05-25 08:13:00+00,NIFTY,2026-05-26,23950,PE,79.25,80.6,74.8,74.8,2445755
2026-05-25 08:14:00+00,NIFTY,2026-05-26,23950,PE,75.15,78.9,75.15,78.55,910065
2026-05-25 08:15:00+00,NIFTY,2026-05-26,23950,PE,79,79.75,76.05,77.25,1322230
2026-05-25 08:16:00+00,NIFTY,2026-05-26,23950,PE,77,77,75.05,75.15,466245
2026-05-25 08:12:00+00,BANKNIFTY,2026-05-26,55000,CE,263.35,264.95,240.65,243.65,173970
2026-05-25 08:13:00+00,BANKNIFTY,2026-05-26,55000,CE,244.65,253.65,237.5,251.95,132690
2026-05-25 08:14:00+00,BANKNIFTY,2026-05-26,55000,CE,253,253,248.55,248.65,34530
2026-05-25 08:15:00+00,BANKNIFTY,2026-05-26,55000,CE,247.5,262.2,246.4,259.7,96450
2026-05-25 08:16:00+00,BANKNIFTY,2026-05-26,55000,CE,265.05,269.6,264.45,269.1,73620
2026-05-25 08:12:00+00,BANKNIFTY,2026-05-26,55000,PE,249,269.8,247.9,267.3,189870
2026-05-25 08:13:00+00,BANKNIFTY,2026-05-26,55000,PE,266.6,272.15,255.45,256.8,133230
2026-05-25 08:14:00+00,BANKNIFTY,2026-05-26,55000,PE,259.05,264.2,258.95,263,49320
2026-05-25 08:15:00+00,BANKNIFTY,2026-05-26,55000,PE,263.5,265.9,247.75,250.2,117600
2026-05-25 08:16:00+00,BANKNIFTY,2026-05-26,55000,PE,243.75,245.95,238.7,238.75,88380
2026-05-25 08:17:00+00,NIFTY,2026-05-26,23950,CE,102.65,104.15,101.5,103.7,903955
2026-05-25 08:18:00+00,NIFTY,2026-05-26,23950,CE,102.85,104.2,102,103,522015
2026-05-25 08:19:00+00,NIFTY,2026-05-26,23950,CE,102.55,103.6,102.15,102.75,280150
2026-05-25 08:20:00+00,NIFTY,2026-05-26,23950,CE,103.5,104.05,102.25,102.65,331110
2026-05-25 08:21:00+00,NIFTY,2026-05-26,23950,CE,102.6,102.9,101.65,102,129285
2026-05-25 08:17:00+00,NIFTY,2026-05-26,23950,PE,74.05,75.25,72.8,72.95,791050
2026-05-25 08:18:00+00,NIFTY,2026-05-26,23950,PE,73.95,74.3,72.2,73.05,665275
2026-05-25 08:19:00+00,NIFTY,2026-05-26,23950,PE,73.7,73.7,72.55,73.15,312650
2026-05-25 08:20:00+00,NIFTY,2026-05-26,23950,PE,72.5,73.4,71.75,73.15,618020
2026-05-25 08:21:00+00,NIFTY,2026-05-26,23950,PE,72.85,73.85,72.85,73.55,182910
2026-05-25 08:17:00+00,BANKNIFTY,2026-05-26,55000,CE,273.65,274.05,265.65,271.25,79140
2026-05-25 08:18:00+00,BANKNIFTY,2026-05-26,55000,CE,270,274,267.85,269.85,71820
2026-05-25 08:19:00+00,BANKNIFTY,2026-05-26,55000,CE,269.45,277.4,268.9,276.4,72930
2026-05-25 08:20:00+00,BANKNIFTY,2026-05-26,55000,CE,280.1,287.55,277.75,285,146790
2026-05-25 08:21:00+00,BANKNIFTY,2026-05-26,55000,CE,281.25,281.8,277,279.2,40260
2026-05-25 08:17:00+00,BANKNIFTY,2026-05-26,55000,PE,236.6,244.3,235.7,240,71730
2026-05-25 08:18:00+00,BANKNIFTY,2026-05-26,55000,PE,241.7,243.05,236.05,241.5,53460
2026-05-25 08:19:00+00,BANKNIFTY,2026-05-26,55000,PE,241.15,242.9,230.3,231.6,68430
2026-05-25 08:20:00+00,BANKNIFTY,2026-05-26,55000,PE,228.95,232.65,225,230,96540
2026-05-25 08:21:00+00,BANKNIFTY,2026-05-26,55000,PE,231.25,234.5,231.25,232.85,24870
2026-05-25 08:22:00+00,NIFTY,2026-05-26,23950,CE,106.6,107.2,101,101.8,919360
2026-05-25 08:23:00+00,NIFTY,2026-05-26,23950,CE,101.7,102.15,97.5,97.6,891670
2026-05-25 08:24:00+00,NIFTY,2026-05-26,23950,CE,98.25,99.95,97.7,98,371280
2026-05-25 08:25:00+00,NIFTY,2026-05-26,23950,CE,99,99.95,95.45,95.6,592735
2026-05-25 08:26:00+00,NIFTY,2026-05-26,23950,CE,95.45,96.7,93.95,96.45,558415
2026-05-25 08:22:00+00,NIFTY,2026-05-26,23950,PE,69.45,73.6,68.85,73.05,1131715
2026-05-25 08:23:00+00,NIFTY,2026-05-26,23950,PE,73.05,76.3,72.85,75.85,1152125
2026-05-25 08:24:00+00,NIFTY,2026-05-26,23950,PE,75.6,75.6,74.1,75.5,523575
2026-05-25 08:25:00+00,NIFTY,2026-05-26,23950,PE,74.1,77.55,73.75,77.55,793715
2026-05-25 08:26:00+00,NIFTY,2026-05-26,23950,PE,77.65,78.75,76,76.3,879060
2026-05-25 08:22:00+00,BANKNIFTY,2026-05-26,55000,CE,290.1,291.7,284.85,285.8,104010
2026-05-25 08:23:00+00,BANKNIFTY,2026-05-26,55000,CE,286.85,286.85,273.55,276.45,100380
2026-05-25 08:24:00+00,BANKNIFTY,2026-05-26,55000,CE,278,280.95,274.7,277.45,63450
2026-05-25 08:25:00+00,BANKNIFTY,2026-05-26,55000,CE,277,277.45,262.55,264.25,93000
2026-05-25 08:26:00+00,BANKNIFTY,2026-05-26,55000,CE,262.5,263.25,256.55,260.7,68910
2026-05-25 08:22:00+00,BANKNIFTY,2026-05-26,55000,PE,222.05,228.55,221.3,227.05,57870
2026-05-25 08:23:00+00,BANKNIFTY,2026-05-26,55000,PE,226.7,234.1,226.7,232.9,64590
2026-05-25 08:24:00+00,BANKNIFTY,2026-05-26,55000,PE,230.4,233,229.6,230.6,47460
2026-05-25 08:25:00+00,BANKNIFTY,2026-05-26,55000,PE,229.65,239.85,229.65,239.85,87960
2026-05-25 08:26:00+00,BANKNIFTY,2026-05-26,55000,PE,239.2,246.1,239.2,243.5,82980
2026-05-25 08:27:00+00,NIFTY,2026-05-26,23950,CE,95,97.45,95,95.25,371670
2026-05-25 08:28:00+00,NIFTY,2026-05-26,23950,CE,95.75,96.3,92.5,95.05,784615
2026-05-25 08:29:00+00,NIFTY,2026-05-26,23950,CE,95.5,97.25,95.05,95.4,380315
2026-05-25 08:30:00+00,NIFTY,2026-05-26,23950,CE,94.95,96.15,93.95,96.1,420030
2026-05-25 08:31:00+00,NIFTY,2026-05-26,23950,CE,96.1,96.25,95.2,95.9,172120
2026-05-25 08:27:00+00,NIFTY,2026-05-26,23950,PE,77.6,77.6,75,76.7,653185
2026-05-25 08:28:00+00,NIFTY,2026-05-26,23950,PE,76.5,79.1,76,77.15,969410
2026-05-25 08:29:00+00,NIFTY,2026-05-26,23950,PE,76.55,77.3,75.1,77.05,597870
2026-05-25 08:30:00+00,NIFTY,2026-05-26,23950,PE,77.5,78.7,76.7,76.9,805415
2026-05-25 08:31:00+00,NIFTY,2026-05-26,23950,PE,76.75,77.5,76.2,76.85,247845
2026-05-25 08:27:00+00,BANKNIFTY,2026-05-26,55000,CE,257.05,262.4,251,251,99870
2026-05-25 08:28:00+00,BANKNIFTY,2026-05-26,55000,CE,251.9,252.85,242.45,251,119280
2026-05-25 08:29:00+00,BANKNIFTY,2026-05-26,55000,CE,253.6,260,250.3,255.9,69210
2026-05-25 08:30:00+00,BANKNIFTY,2026-05-26,55000,CE,256.25,259.4,252.3,258.7,46140
2026-05-25 08:31:00+00,BANKNIFTY,2026-05-26,55000,CE,258.9,260.25,248.95,251.05,101310
2026-05-25 08:27:00+00,BANKNIFTY,2026-05-26,55000,PE,245.25,248.05,240,247.45,80940
2026-05-25 08:28:00+00,BANKNIFTY,2026-05-26,55000,PE,246.4,254.95,246.25,249.2,122490
2026-05-25 08:29:00+00,BANKNIFTY,2026-05-26,55000,PE,246.15,249.3,240.2,244.95,63960
2026-05-25 08:30:00+00,BANKNIFTY,2026-05-26,55000,PE,244.75,247.55,241.05,243.05,48570
2026-05-25 08:31:00+00,BANKNIFTY,2026-05-26,55000,PE,244.05,251.2,241.05,249,26550
2026-05-25 08:32:00+00,NIFTY,2026-05-26,24000,CE,71.85,76.2,71.85,76.1,1726400
2026-05-25 08:33:00+00,NIFTY,2026-05-26,24000,CE,76.25,79.65,75.45,79.6,1981850
2026-05-25 08:34:00+00,NIFTY,2026-05-26,24000,CE,79.95,79.95,77.3,78.2,1995630
2026-05-25 08:35:00+00,NIFTY,2026-05-26,24000,CE,77.75,78.65,76.5,76.65,1058525
2026-05-25 08:36:00+00,NIFTY,2026-05-26,24000,CE,75.95,76.3,73.4,73.6,1113320
2026-05-25 08:32:00+00,NIFTY,2026-05-26,24000,PE,101.4,101.8,96.05,96.05,1393080
2026-05-25 08:33:00+00,NIFTY,2026-05-26,24000,PE,95.95,96.75,92.5,92.5,1269970
2026-05-25 08:34:00+00,NIFTY,2026-05-26,24000,PE,92.05,95.45,92,94.6,1335685
2026-05-25 08:35:00+00,NIFTY,2026-05-26,24000,PE,94.85,95.95,93.75,95.95,552760
2026-05-25 08:36:00+00,NIFTY,2026-05-26,24000,PE,96.95,99.25,96.35,99.05,799955
2026-05-25 08:32:00+00,BANKNIFTY,2026-05-26,55000,CE,254.1,275.1,253.9,272.9,138390
2026-05-25 08:33:00+00,BANKNIFTY,2026-05-26,55000,CE,272.1,280.3,269.2,280.3,133770
2026-05-25 08:34:00+00,BANKNIFTY,2026-05-26,55000,CE,283.05,286.45,275.9,281.45,144270
2026-05-25 08:35:00+00,BANKNIFTY,2026-05-26,55000,CE,281.8,282.95,278.75,279.2,70710
2026-05-25 08:36:00+00,BANKNIFTY,2026-05-26,55000,CE,274.95,276.15,268,270.3,69510
2026-05-25 08:32:00+00,BANKNIFTY,2026-05-26,55000,PE,245.9,246.15,224.05,226.4,126540
2026-05-25 08:33:00+00,BANKNIFTY,2026-05-26,55000,PE,227.25,230.8,220.8,221.4,80100
2026-05-25 08:34:00+00,BANKNIFTY,2026-05-26,55000,PE,217.5,224,215,221.45,112170
2026-05-25 08:35:00+00,BANKNIFTY,2026-05-26,55000,PE,222.75,222.95,218.8,222.35,44850
2026-05-25 08:36:00+00,BANKNIFTY,2026-05-26,55000,PE,225.9,228.8,223.75,228,43770
2026-05-25 08:37:00+00,NIFTY,2026-05-26,23950,CE,98.1,98.25,93.15,93.15,920270
2026-05-25 08:38:00+00,NIFTY,2026-05-26,23950,CE,93,95.3,92.55,94.6,748930
2026-05-25 08:39:00+00,NIFTY,2026-05-26,23950,CE,94.2,95.85,94.2,95.6,462540
2026-05-25 08:40:00+00,NIFTY,2026-05-26,23950,CE,95.3,98.6,94.85,98.45,778570
2026-05-25 08:41:00+00,NIFTY,2026-05-26,23950,CE,98.1,99.65,97.2,98.85,482300
2026-05-25 08:37:00+00,NIFTY,2026-05-26,23950,PE,73.85,77.85,73.6,77.8,1393535
2026-05-25 08:38:00+00,NIFTY,2026-05-26,23950,PE,78.55,79,76.45,76.85,1226160
2026-05-25 08:39:00+00,NIFTY,2026-05-26,23950,PE,77.85,77.85,75.95,76.2,651560
2026-05-25 08:40:00+00,NIFTY,2026-05-26,23950,PE,76.55,76.95,73,73.05,1021930
2026-05-25 08:41:00+00,NIFTY,2026-05-26,23950,PE,73.2,74.3,71.75,72.4,556335
2026-05-25 08:37:00+00,BANKNIFTY,2026-05-26,55000,CE,272.65,274.2,261.85,261.85,64920
2026-05-25 08:38:00+00,BANKNIFTY,2026-05-26,55000,CE,260.75,264.15,255.85,262.3,75960
2026-05-25 08:39:00+00,BANKNIFTY,2026-05-26,55000,CE,261.6,265.6,257.1,261.8,58980
2026-05-25 08:40:00+00,BANKNIFTY,2026-05-26,55000,CE,261.5,272.25,260.85,272.25,67680
2026-05-25 08:41:00+00,BANKNIFTY,2026-05-26,55000,CE,272.05,276.85,269.7,274.55,61950
2026-05-25 08:37:00+00,BANKNIFTY,2026-05-26,55000,PE,227.5,235.2,225.85,235.2,75000
2026-05-25 08:38:00+00,BANKNIFTY,2026-05-26,55000,PE,235.85,239,232,234.65,73590
2026-05-25 08:39:00+00,BANKNIFTY,2026-05-26,55000,PE,235.15,238,231.45,235.45,45960
2026-05-25 08:40:00+00,BANKNIFTY,2026-05-26,55000,PE,234.75,235.5,225.75,225.75,95130
2026-05-25 08:41:00+00,BANKNIFTY,2026-05-26,55000,PE,226.5,228.95,221.3,223.45,58200
2026-05-25 08:42:00+00,NIFTY,2026-05-26,23950,CE,98.4,99.35,96.5,96.5,465985
2026-05-25 08:43:00+00,NIFTY,2026-05-26,23950,CE,96.25,97.2,93.55,93.55,549120
2026-05-25 08:44:00+00,NIFTY,2026-05-26,23950,CE,93.45,94.2,91.6,92.6,766415
2026-05-25 08:45:00+00,NIFTY,2026-05-26,23950,CE,93.8,97.15,92.6,97,653445
2026-05-25 08:46:00+00,NIFTY,2026-05-26,23950,CE,96.5,96.75,94.55,95.25,372060
2026-05-25 08:42:00+00,NIFTY,2026-05-26,23950,PE,73.1,74.3,72.15,74.3,529750
2026-05-25 08:43:00+00,NIFTY,2026-05-26,23950,PE,74.7,77.65,74,77.5,938860
2026-05-25 08:44:00+00,NIFTY,2026-05-26,23950,PE,77.7,79.7,77.3,78.45,1258270
2026-05-25 08:45:00+00,NIFTY,2026-05-26,23950,PE,77.5,78.75,73.95,74.3,1235715
2026-05-25 08:46:00+00,NIFTY,2026-05-26,23950,PE,74.8,76.7,74.6,76.7,400075
2026-05-25 08:42:00+00,BANKNIFTY,2026-05-26,55000,CE,270.6,275,264.45,264.45,51750
2026-05-25 08:43:00+00,BANKNIFTY,2026-05-26,55000,CE,264.7,266.6,258.6,258.6,72660
2026-05-25 08:44:00+00,BANKNIFTY,2026-05-26,55000,CE,258.9,260.7,250.4,252,96780
2026-05-25 08:45:00+00,BANKNIFTY,2026-05-26,55000,CE,254.4,264.2,251.05,261.7,72240
2026-05-25 08:46:00+00,BANKNIFTY,2026-05-26,55000,CE,261.4,261.4,257.4,260,41190
2026-05-25 08:42:00+00,BANKNIFTY,2026-05-26,55000,PE,226.65,228.75,224.05,228.2,33090
2026-05-25 08:43:00+00,BANKNIFTY,2026-05-26,55000,PE,227.35,234.85,227.15,234.85,58740
2026-05-25 08:44:00+00,BANKNIFTY,2026-05-26,55000,PE,236,241.6,234.5,241.6,113280
2026-05-25 08:45:00+00,BANKNIFTY,2026-05-26,55000,PE,240,241.5,225.2,225.8,102480
2026-05-25 08:46:00+00,BANKNIFTY,2026-05-26,55000,PE,228.2,233.1,227.9,231.45,45030
2026-05-25 08:47:00+00,NIFTY,2026-05-26,23950,CE,94.8,96.05,93.85,94,298155
2026-05-25 08:48:00+00,NIFTY,2026-05-26,23950,CE,94.2,94.75,92,92.3,480415
2026-05-25 08:49:00+00,NIFTY,2026-05-26,23950,CE,92.15,94.15,91.15,93.4,605735
2026-05-25 08:50:00+00,NIFTY,2026-05-26,23950,CE,93.85,95.85,93.7,95.4,524095
2026-05-25 08:51:00+00,NIFTY,2026-05-26,23950,CE,96.35,96.65,94.7,94.9,348920
2026-05-25 08:47:00+00,NIFTY,2026-05-26,23950,PE,76.35,77.2,74.7,76.6,469235
2026-05-25 08:48:00+00,NIFTY,2026-05-26,23950,PE,76.15,78.75,75.95,78.1,687830
2026-05-25 08:49:00+00,NIFTY,2026-05-26,23950,PE,78.4,79.5,76.3,77.3,971750
2026-05-25 08:50:00+00,NIFTY,2026-05-26,23950,PE,76.6,76.7,74.25,74.8,691275
2026-05-25 08:51:00+00,NIFTY,2026-05-26,23950,PE,73.85,75.8,73.85,75.8,457080
2026-05-25 08:47:00+00,BANKNIFTY,2026-05-26,55000,CE,260.75,266.85,259.9,260.05,60360
2026-05-25 08:48:00+00,BANKNIFTY,2026-05-26,55000,CE,260.85,262.35,253.5,253.9,44880
2026-05-25 08:49:00+00,BANKNIFTY,2026-05-26,55000,CE,254,256.8,241.55,247.8,164490
2026-05-25 08:50:00+00,BANKNIFTY,2026-05-26,55000,CE,249,262.35,248.5,259.2,111360
2026-05-25 08:51:00+00,BANKNIFTY,2026-05-26,55000,CE,262.8,262.8,254.6,258.2,50970
2026-05-25 08:47:00+00,BANKNIFTY,2026-05-26,55000,PE,230,230.85,223.1,229.75,50310
2026-05-25 08:48:00+00,BANKNIFTY,2026-05-26,55000,PE,229.8,236.9,229.25,235.9,53190
2026-05-25 08:49:00+00,BANKNIFTY,2026-05-26,55000,PE,237,247.05,232.8,243.05,113880
2026-05-25 08:50:00+00,BANKNIFTY,2026-05-26,55000,PE,239,240.7,227,232.3,83400
2026-05-25 08:51:00+00,BANKNIFTY,2026-05-26,55000,PE,228,236.6,228,234.3,40530
2026-05-25 08:52:00+00,NIFTY,2026-05-26,23950,CE,95.25,97.35,94.55,95.2,581425
2026-05-25 08:53:00+00,NIFTY,2026-05-26,23950,CE,93.9,94.9,92.55,94.1,489320
2026-05-25 08:54:00+00,NIFTY,2026-05-26,23950,CE,93.7,96,93.7,95.5,239070
2026-05-25 08:55:00+00,NIFTY,2026-05-26,23950,CE,95,97.6,95,97.55,519610
2026-05-25 08:56:00+00,NIFTY,2026-05-26,23950,CE,98.5,101.35,98.5,101.35,923715
2026-05-25 08:52:00+00,NIFTY,2026-05-26,23950,PE,75.3,75.65,72.6,74.9,821145
2026-05-25 08:53:00+00,NIFTY,2026-05-26,23950,PE,76.2,77.35,75.15,75.7,658190
2026-05-25 08:54:00+00,NIFTY,2026-05-26,23950,PE,76.25,76.25,73.65,74,403910
2026-05-25 08:55:00+00,NIFTY,2026-05-26,23950,PE,74.55,74.9,72.5,72.55,557245
2026-05-25 08:56:00+00,NIFTY,2026-05-26,23950,PE,72,72,70.1,70.45,1107795
2026-05-25 08:52:00+00,BANKNIFTY,2026-05-26,55000,CE,257.6,264,255.3,255.3,63210
2026-05-25 08:53:00+00,BANKNIFTY,2026-05-26,55000,CE,254,255.3,248.15,254.45,74010
2026-05-25 08:54:00+00,BANKNIFTY,2026-05-26,55000,CE,253.95,262,253.55,257.85,57990
2026-05-25 08:55:00+00,BANKNIFTY,2026-05-26,55000,CE,258.4,264.3,257.05,263.6,64680
2026-05-25 08:56:00+00,BANKNIFTY,2026-05-26,55000,CE,263.3,271.65,263.3,271.4,78420
2026-05-25 08:52:00+00,BANKNIFTY,2026-05-26,55000,PE,233.55,234.5,224.5,234.5,63390
2026-05-25 08:53:00+00,BANKNIFTY,2026-05-26,55000,PE,236,240,233.4,235.25,65550
2026-05-25 08:54:00+00,BANKNIFTY,2026-05-26,55000,PE,235.4,236,226.8,230.9,40710
2026-05-25 08:55:00+00,BANKNIFTY,2026-05-26,55000,PE,231.05,232.55,227,227.3,31950
2026-05-25 08:56:00+00,BANKNIFTY,2026-05-26,55000,PE,227.5,228.8,221.65,221.65,56310
2026-05-25 08:57:00+00,NIFTY,2026-05-26,24000,CE,79,79.95,75.8,78.4,2868060
2026-05-25 08:58:00+00,NIFTY,2026-05-26,24000,CE,78.9,82.4,78.2,81,2210065
2026-05-25 08:59:00+00,NIFTY,2026-05-26,24000,CE,79.75,80.75,78.1,78.5,1843595
2026-05-25 09:00:00+00,NIFTY,2026-05-26,24000,CE,78.75,80,77.2,79.2,1367665
2026-05-25 09:01:00+00,NIFTY,2026-05-26,24000,CE,78.95,80.3,78.5,78.6,664755
2026-05-25 08:57:00+00,NIFTY,2026-05-26,24000,PE,89.8,94.2,89.2,91.1,2058225
2026-05-25 08:58:00+00,NIFTY,2026-05-26,24000,PE,90.7,91.45,86.7,87.8,1452945
2026-05-25 08:59:00+00,NIFTY,2026-05-26,24000,PE,89.5,91.5,88.9,91.05,1208935
2026-05-25 09:00:00+00,NIFTY,2026-05-26,24000,PE,90.7,93.3,90.1,91.1,1072630
2026-05-25 09:01:00+00,NIFTY,2026-05-26,24000,PE,91.5,92.15,90.25,92.15,441025
2026-05-25 08:57:00+00,BANKNIFTY,2026-05-26,55000,CE,280.55,284.05,273.65,281.7,137640
2026-05-25 08:58:00+00,BANKNIFTY,2026-05-26,55000,CE,280.1,285.05,276.35,279.7,79170
2026-05-25 08:59:00+00,BANKNIFTY,2026-05-26,55000,CE,275.6,280.6,272.5,278.55,58830
2026-05-25 09:00:00+00,BANKNIFTY,2026-05-26,55000,CE,277.35,283.9,274.7,282,78690
2026-05-25 09:01:00+00,BANKNIFTY,2026-05-26,55000,CE,281.4,282.7,273.8,276.05,54090
2026-05-25 08:57:00+00,BANKNIFTY,2026-05-26,55000,PE,213.9,218.85,209.8,210.45,125010
2026-05-25 08:58:00+00,BANKNIFTY,2026-05-26,55000,PE,213,215.15,207.45,212,77010
2026-05-25 08:59:00+00,BANKNIFTY,2026-05-26,55000,PE,215.5,215.65,211,213,65070
2026-05-25 09:00:00+00,BANKNIFTY,2026-05-26,55000,PE,213.3,214.9,209.15,210.6,76830
2026-05-25 09:01:00+00,BANKNIFTY,2026-05-26,55000,PE,211.2,216,209.25,213.45,36210
2026-05-25 09:12:00+00,NIFTY,2026-05-26,24000,CE,93.5,95,89.8,92.65,2096900
2026-05-25 09:13:00+00,NIFTY,2026-05-26,24000,CE,92.45,95.6,91.25,95.25,2031380
2026-05-25 09:14:00+00,NIFTY,2026-05-26,24000,CE,97.15,104.2,97.15,100.95,7125105
2026-05-25 09:15:00+00,NIFTY,2026-05-26,24000,CE,100.6,104.5,99.6,103.8,4688775
2026-05-25 09:16:00+00,NIFTY,2026-05-26,24000,CE,103.85,107.9,102,107.9,3307330
2026-05-25 09:12:00+00,NIFTY,2026-05-26,24000,PE,81,83.2,80.1,81.25,1565330
2026-05-25 09:13:00+00,NIFTY,2026-05-26,24000,PE,81.4,82.45,79.25,79.55,1490320
2026-05-25 09:14:00+00,NIFTY,2026-05-26,24000,PE,78.1,78.1,72.6,74.8,4009850
2026-05-25 09:15:00+00,NIFTY,2026-05-26,24000,PE,75.85,76.2,71,71.05,3093480
2026-05-25 09:16:00+00,NIFTY,2026-05-26,24000,PE,71.05,72.8,68.6,68.7,2213380
2026-05-25 09:12:00+00,BANKNIFTY,2026-05-26,55100,CE,264.4,266.7,256.55,257.55,47670
2026-05-25 09:13:00+00,BANKNIFTY,2026-05-26,55100,CE,257.6,267.05,257.6,266.6,56760
2026-05-25 09:14:00+00,BANKNIFTY,2026-05-26,55100,CE,268.25,295.55,268.25,294.6,216120
2026-05-25 09:15:00+00,BANKNIFTY,2026-05-26,55100,CE,293.5,321.65,293.5,318.7,263370
2026-05-25 09:16:00+00,BANKNIFTY,2026-05-26,55100,CE,323.1,344.9,313.85,343.9,193440
2026-05-25 09:12:00+00,BANKNIFTY,2026-05-26,55100,PE,228.35,232.4,226.2,232.4,18120
2026-05-25 09:13:00+00,BANKNIFTY,2026-05-26,55100,PE,231.15,232.35,223.5,224.8,30900
2026-05-25 09:14:00+00,BANKNIFTY,2026-05-26,55100,PE,221.9,222.9,198.55,202.2,120900
2026-05-25 09:15:00+00,BANKNIFTY,2026-05-26,55100,PE,202.7,202.7,182.35,183.75,151230
2026-05-25 09:16:00+00,BANKNIFTY,2026-05-26,55100,PE,179.7,186.9,171.7,171.7,102270
2026-05-25 09:22:00+00,NIFTY,2026-05-26,24050,CE,81.05,83.55,80.65,83.1,995995
2026-05-25 09:23:00+00,NIFTY,2026-05-26,24050,CE,83.25,86.7,82.6,83.1,1699360
2026-05-25 09:24:00+00,NIFTY,2026-05-26,24050,CE,83.75,84.75,81.8,84.75,871780
2026-05-25 09:25:00+00,NIFTY,2026-05-26,24050,CE,84.45,85.95,83.85,84.1,1041560
2026-05-25 09:26:00+00,NIFTY,2026-05-26,24050,CE,84.15,85.5,82.5,85.2,649285
2026-05-25 09:22:00+00,NIFTY,2026-05-26,24050,PE,92.25,92.65,90.45,90.9,364325
2026-05-25 09:23:00+00,NIFTY,2026-05-26,24050,PE,90.6,91.2,88,90.85,628615
2026-05-25 09:24:00+00,NIFTY,2026-05-26,24050,PE,90.5,92,89.6,89.6,533650
2026-05-25 09:25:00+00,NIFTY,2026-05-26,24050,PE,89.85,91.1,89.05,91,404950
2026-05-25 09:26:00+00,NIFTY,2026-05-26,24050,PE,90.85,91.5,89.3,89.85,311220
2026-05-25 09:22:00+00,BANKNIFTY,2026-05-26,55200,CE,312.8,316.8,307,309.2,75840
2026-05-25 09:23:00+00,BANKNIFTY,2026-05-26,55200,CE,310.9,320.4,301.7,304.75,75240
2026-05-25 09:24:00+00,BANKNIFTY,2026-05-26,55200,CE,305.3,316.55,303,312.55,65730
2026-05-25 09:25:00+00,BANKNIFTY,2026-05-26,55200,CE,313,319.85,308.1,314.15,82320
2026-05-25 09:26:00+00,BANKNIFTY,2026-05-26,55200,CE,315.7,319.2,313,315.6,46590
2026-05-25 09:22:00+00,BANKNIFTY,2026-05-26,55200,PE,195,198.7,193.65,197.95,66690
2026-05-25 09:23:00+00,BANKNIFTY,2026-05-26,55200,PE,196.2,201.55,191.55,201.2,58830
2026-05-25 09:24:00+00,BANKNIFTY,2026-05-26,55200,PE,201.25,203.55,196.1,200.2,80670
2026-05-25 09:25:00+00,BANKNIFTY,2026-05-26,55200,PE,199.45,200.3,194.65,200,48360
2026-05-25 09:26:00+00,BANKNIFTY,2026-05-26,55200,PE,198,199.5,195,197.5,26970
2026-05-25 09:02:00+00,NIFTY,2026-05-26,24000,CE,80.2,84.15,80.2,83.4,2792790
2026-05-25 09:03:00+00,NIFTY,2026-05-26,24000,CE,84.25,85.5,83.45,84.3,2391870
2026-05-25 09:04:00+00,NIFTY,2026-05-26,24000,CE,83.85,86.4,83.15,85.95,1947335
2026-05-25 09:05:00+00,NIFTY,2026-05-26,24000,CE,85.65,87.1,84.85,87.1,2225990
2026-05-25 09:06:00+00,NIFTY,2026-05-26,24000,CE,85.4,85.6,83.75,84.55,1108965
2026-05-25 09:02:00+00,NIFTY,2026-05-26,24000,PE,90.6,90.7,87.7,88.85,895635
2026-05-25 09:03:00+00,NIFTY,2026-05-26,24000,PE,88,88.85,87.35,88.2,762840
2026-05-25 09:04:00+00,NIFTY,2026-05-26,24000,PE,88.5,89.1,85,86,1539915
2026-05-25 09:05:00+00,NIFTY,2026-05-26,24000,PE,85.85,87.65,85.3,85.95,1445535
2026-05-25 09:06:00+00,NIFTY,2026-05-26,24000,PE,87.2,88.2,86.7,87.85,865735
2026-05-25 09:02:00+00,BANKNIFTY,2026-05-26,55000,CE,280.95,294,278.15,290,176640
2026-05-25 09:03:00+00,BANKNIFTY,2026-05-26,55000,CE,292.8,298,289.2,295.45,100290
2026-05-25 09:04:00+00,BANKNIFTY,2026-05-26,55000,CE,294.7,304,292.75,301.95,151020
2026-05-25 09:05:00+00,BANKNIFTY,2026-05-26,55000,CE,302,309.8,298.45,308.6,162690
2026-05-25 09:06:00+00,BANKNIFTY,2026-05-26,55000,CE,308.7,308.85,301.2,301.2,92850
2026-05-25 09:02:00+00,BANKNIFTY,2026-05-26,55000,PE,212.2,214.55,198.05,205.6,194370
2026-05-25 09:03:00+00,BANKNIFTY,2026-05-26,55000,PE,203,205.1,199.85,202.1,66960
2026-05-25 09:04:00+00,BANKNIFTY,2026-05-26,55000,PE,203.3,203.3,192.4,194.3,148860
2026-05-25 09:05:00+00,BANKNIFTY,2026-05-26,55000,PE,194.95,198.4,188.9,191.15,143670
2026-05-25 09:06:00+00,BANKNIFTY,2026-05-26,55000,PE,192.75,197.5,192.35,197,43890
2026-05-25 09:07:00+00,NIFTY,2026-05-26,24000,CE,86.15,91.05,86.15,89.9,4489095
2026-05-25 09:08:00+00,NIFTY,2026-05-26,24000,CE,89,97.6,89,94.65,4758910
2026-05-25 09:09:00+00,NIFTY,2026-05-26,24000,CE,95.5,99.35,93.2,93.2,4735575
2026-05-25 09:10:00+00,NIFTY,2026-05-26,24000,CE,93.05,95.35,91.55,94.75,2657720
2026-05-25 09:11:00+00,NIFTY,2026-05-26,24000,CE,94.3,95.05,92.9,93.15,1186120
2026-05-25 09:07:00+00,NIFTY,2026-05-26,24000,PE,86.4,86.85,81.9,84.7,2283645
2026-05-25 09:08:00+00,NIFTY,2026-05-26,24000,PE,85.4,85.75,78,80.1,2882815
2026-05-25 09:09:00+00,NIFTY,2026-05-26,24000,PE,79.3,80.5,76.15,80.5,2734810
2026-05-25 09:10:00+00,NIFTY,2026-05-26,24000,PE,80.7,81.85,78.8,79.5,2075645
2026-05-25 09:11:00+00,NIFTY,2026-05-26,24000,PE,79.75,81.5,79.75,81.5,1069250
2026-05-25 09:07:00+00,BANKNIFTY,2026-05-26,55100,CE,246.85,250.5,240,243.6,51720
2026-05-25 09:08:00+00,BANKNIFTY,2026-05-26,55100,CE,241.65,256.3,239,255.5,78570
2026-05-25 09:09:00+00,BANKNIFTY,2026-05-26,55100,CE,257.95,271.6,257.95,259.25,143070
2026-05-25 09:10:00+00,BANKNIFTY,2026-05-26,55100,CE,260.1,268,260.05,264.8,56010
2026-05-25 09:11:00+00,BANKNIFTY,2026-05-26,55100,CE,264.8,265.85,261.15,261.15,33840
2026-05-25 09:07:00+00,BANKNIFTY,2026-05-26,55100,PE,244.45,249.05,240.7,247.4,30090
2026-05-25 09:08:00+00,BANKNIFTY,2026-05-26,55100,PE,249.5,252,235.65,235.65,43380
2026-05-25 09:09:00+00,BANKNIFTY,2026-05-26,55100,PE,234.45,234.45,218.15,231.55,76980
2026-05-25 09:10:00+00,BANKNIFTY,2026-05-26,55100,PE,232.95,232.95,223.95,225.65,42690
2026-05-25 09:11:00+00,BANKNIFTY,2026-05-26,55100,PE,227.5,230.9,225.8,230.9,24090
2026-05-25 09:17:00+00,NIFTY,2026-05-26,24000,CE,113.6,117.25,111,114.75,4654715
2026-05-25 09:18:00+00,NIFTY,2026-05-26,24000,CE,114.55,116,108.75,108.75,3599635
2026-05-25 09:19:00+00,NIFTY,2026-05-26,24000,CE,109.85,109.9,106.9,109.5,2435095
2026-05-25 09:20:00+00,NIFTY,2026-05-26,24000,CE,108.95,111.5,107.2,109.9,2270710
2026-05-25 09:21:00+00,NIFTY,2026-05-26,24000,CE,110.5,111.1,105.8,106.5,2006550
2026-05-25 09:17:00+00,NIFTY,2026-05-26,24000,PE,66.35,67.55,64.1,66.15,2939755
2026-05-25 09:18:00+00,NIFTY,2026-05-26,24000,PE,66.45,69.75,65.9,69.2,2819050
2026-05-25 09:19:00+00,NIFTY,2026-05-26,24000,PE,68.9,69.8,68.25,68.45,1954810
2026-05-25 09:20:00+00,NIFTY,2026-05-26,24000,PE,68.35,69.6,67.6,68.25,1745055
2026-05-25 09:21:00+00,NIFTY,2026-05-26,24000,PE,68.05,69.6,67.4,69.1,917735
2026-05-25 09:17:00+00,BANKNIFTY,2026-05-26,55200,CE,314.25,353.3,301.95,336.25,408150
2026-05-25 09:18:00+00,BANKNIFTY,2026-05-26,55200,CE,341.6,346.1,324.1,340.65,153180
2026-05-25 09:19:00+00,BANKNIFTY,2026-05-26,55200,CE,338.7,339.1,313.35,325.8,141630
2026-05-25 09:20:00+00,BANKNIFTY,2026-05-26,55200,CE,327.5,332.55,321.6,329.9,82560
2026-05-25 09:21:00+00,BANKNIFTY,2026-05-26,55200,CE,332,336.2,305.4,313.65,103410
2026-05-25 09:17:00+00,BANKNIFTY,2026-05-26,55200,PE,195.65,203,176.15,180,168420
2026-05-25 09:18:00+00,BANKNIFTY,2026-05-26,55200,PE,178.4,187.3,172.3,184.6,108240
2026-05-25 09:19:00+00,BANKNIFTY,2026-05-26,55200,PE,185.3,195.65,184.25,193.25,80760
2026-05-25 09:20:00+00,BANKNIFTY,2026-05-26,55200,PE,192.4,195,190.45,191.85,60990
2026-05-25 09:21:00+00,BANKNIFTY,2026-05-26,55200,PE,191.25,199.2,186.9,196.2,74310
2026-05-25 09:27:00+00,NIFTY,2026-05-26,24050,CE,83.9,85.55,83.55,84.45,904020
2026-05-25 09:28:00+00,NIFTY,2026-05-26,24050,CE,84.2,84.7,81.75,82.9,1159405
2026-05-25 09:29:00+00,NIFTY,2026-05-26,24050,CE,84.15,85.95,81.65,85.1,1376115
2026-05-25 09:30:00+00,NIFTY,2026-05-26,24050,CE,78.2,81.85,73.7,74.25,3728205
2026-05-25 09:31:00+00,NIFTY,2026-05-26,24050,CE,74.95,80.95,74.95,80.45,1324180
2026-05-25 09:27:00+00,NIFTY,2026-05-26,24050,PE,90.65,90.65,87.45,87.55,597285
2026-05-25 09:28:00+00,NIFTY,2026-05-26,24050,PE,87.75,90.35,87.75,89.4,573885
2026-05-25 09:29:00+00,NIFTY,2026-05-26,24050,PE,87.8,90.45,84.2,87.6,1061060
2026-05-25 09:30:00+00,NIFTY,2026-05-26,24050,PE,91.95,95.6,88.5,95.45,1871155
2026-05-25 09:31:00+00,NIFTY,2026-05-26,24050,PE,94.7,94.7,90.35,91.35,1027715
2026-05-25 09:27:00+00,BANKNIFTY,2026-05-26,55300,CE,259.45,269.95,259.4,263,72930
2026-05-25 09:28:00+00,BANKNIFTY,2026-05-26,55300,CE,260.85,263,248.55,249.6,87720
2026-05-25 09:29:00+00,BANKNIFTY,2026-05-26,55300,CE,249.65,253.95,237.25,252.1,112620
2026-05-25 09:30:00+00,BANKNIFTY,2026-05-26,55300,CE,247.65,253,238.75,241.2,99270
2026-05-25 09:31:00+00,BANKNIFTY,2026-05-26,55300,CE,246.85,264.7,246.85,258.4,116190
2026-05-25 09:27:00+00,BANKNIFTY,2026-05-26,55300,PE,243,243,231.85,235.15,32310
2026-05-25 09:28:00+00,BANKNIFTY,2026-05-26,55300,PE,235.8,244.7,235.15,244.7,26670
2026-05-25 09:29:00+00,BANKNIFTY,2026-05-26,55300,PE,243.3,252,241.7,243.15,58800
2026-05-25 09:30:00+00,BANKNIFTY,2026-05-26,55300,PE,246.3,247.45,235.6,246.4,48420
2026-05-25 09:31:00+00,BANKNIFTY,2026-05-26,55300,PE,243.6,243.6,225.7,234.7,77970
2026-05-25 09:32:00+00,NIFTY,2026-05-26,24050,CE,78.6,86.7,77.5,86.7,1420120
2026-05-25 09:33:00+00,NIFTY,2026-05-26,24050,CE,84.35,86.25,81.95,82.1,2160860
2026-05-25 09:34:00+00,NIFTY,2026-05-26,24050,CE,81.95,83.3,81.1,82,713960
2026-05-25 09:35:00+00,NIFTY,2026-05-26,24050,CE,81.95,82.5,77.65,77.9,1392105
2026-05-25 09:36:00+00,NIFTY,2026-05-26,24050,CE,77.75,79.8,77.75,78,573885
2026-05-25 09:32:00+00,NIFTY,2026-05-26,24050,PE,91.75,92.85,82,83.6,1286415
2026-05-25 09:33:00+00,NIFTY,2026-05-26,24050,PE,85.6,88.5,83.75,88.1,1248195
2026-05-25 09:34:00+00,NIFTY,2026-05-26,24050,PE,87.7,89,87.7,88.75,539240
2026-05-25 09:35:00+00,NIFTY,2026-05-26,24050,PE,89,92.9,88.75,92.75,1150110
2026-05-25 09:36:00+00,NIFTY,2026-05-26,24050,PE,92.6,92.95,90.9,92.35,628030
2026-05-25 09:32:00+00,BANKNIFTY,2026-05-26,55200,CE,305.95,312.5,293.3,312.5,113190
2026-05-25 09:33:00+00,BANKNIFTY,2026-05-26,55200,CE,311,312.8,297,304.4,66120
2026-05-25 09:34:00+00,BANKNIFTY,2026-05-26,55200,CE,304.55,307.15,302.85,304.6,45150
2026-05-25 09:35:00+00,BANKNIFTY,2026-05-26,55200,CE,305.35,309.4,302.25,303.35,49230
2026-05-25 09:36:00+00,BANKNIFTY,2026-05-26,55200,CE,306,312.25,304.9,310.3,47070
2026-05-25 09:32:00+00,BANKNIFTY,2026-05-26,55200,PE,192.35,199.65,190,190,139380
2026-05-25 09:33:00+00,BANKNIFTY,2026-05-26,55200,PE,190.75,199.45,188.9,195.3,44100
2026-05-25 09:34:00+00,BANKNIFTY,2026-05-26,55200,PE,195.6,197.3,191.8,193.75,27450
2026-05-25 09:35:00+00,BANKNIFTY,2026-05-26,55200,PE,193.95,196.85,192.3,196.8,36210
2026-05-25 09:36:00+00,BANKNIFTY,2026-05-26,55200,PE,195.15,196,190.4,192.2,50400
2026-05-25 09:37:00+00,NIFTY,2026-05-26,24050,CE,77.7,79.6,76.65,79.3,751855
2026-05-25 09:38:00+00,NIFTY,2026-05-26,24050,CE,78.35,80.7,77.1,78.6,860665
2026-05-25 09:39:00+00,NIFTY,2026-05-26,24050,CE,78.15,80,77.9,79.85,504270
2026-05-25 09:40:00+00,NIFTY,2026-05-26,24050,CE,79.45,84.15,79.45,81.65,1329900
2026-05-25 09:41:00+00,NIFTY,2026-05-26,24050,CE,82.5,85,82,84.5,845585
2026-05-25 09:37:00+00,NIFTY,2026-05-26,24050,PE,92.05,93,90.65,91.3,633035
2026-05-25 09:38:00+00,NIFTY,2026-05-26,24050,PE,91.6,92.4,89.6,92.1,602160
2026-05-25 09:39:00+00,NIFTY,2026-05-26,24050,PE,92.15,92.15,90,90.4,412620
2026-05-25 09:40:00+00,NIFTY,2026-05-26,24050,PE,91,91.1,85.2,87.3,999245
2026-05-25 09:41:00+00,NIFTY,2026-05-26,24050,PE,87.2,87.35,83.5,85,625560
2026-05-25 09:37:00+00,BANKNIFTY,2026-05-26,55300,CE,255,260,253.35,260,51150
2026-05-25 09:38:00+00,BANKNIFTY,2026-05-26,55300,CE,255.7,255.7,241.6,247.5,76620
2026-05-25 09:39:00+00,BANKNIFTY,2026-05-26,55300,CE,249.5,254.45,248.75,252.45,51930
2026-05-25 09:40:00+00,BANKNIFTY,2026-05-26,55300,CE,254.3,267.75,253.55,260.85,103530
2026-05-25 09:41:00+00,BANKNIFTY,2026-05-26,55300,CE,263.5,272.25,261.1,267.25,74100
2026-05-25 09:37:00+00,BANKNIFTY,2026-05-26,55300,PE,238.8,240.2,233.55,233.55,20490
2026-05-25 09:38:00+00,BANKNIFTY,2026-05-26,55300,PE,236.85,243.75,236.85,241.85,38520
2026-05-25 09:39:00+00,BANKNIFTY,2026-05-26,55300,PE,240.6,241.9,235.5,235.5,23160
2026-05-25 09:40:00+00,BANKNIFTY,2026-05-26,55300,PE,233.85,233.85,225.6,231.95,74580
2026-05-25 09:41:00+00,BANKNIFTY,2026-05-26,55300,PE,229.9,232.2,215.6,221.85,54300
2026-05-25 09:42:00+00,NIFTY,2026-05-26,24050,CE,83.7,86.9,83.7,85.55,1188720
2026-05-25 09:43:00+00,NIFTY,2026-05-26,24050,CE,86.45,87.7,85.2,86.95,1242085
2026-05-25 09:44:00+00,NIFTY,2026-05-26,24050,CE,87.4,88.05,85.4,88.05,1139190
2026-05-25 09:45:00+00,NIFTY,2026-05-26,24050,CE,87.2,87.2,82.45,82.7,1761955
2026-05-25 09:46:00+00,NIFTY,2026-05-26,24050,CE,84,84.15,82.65,83.5,569790
2026-05-25 09:42:00+00,NIFTY,2026-05-26,24050,PE,84.9,85.25,80.25,82.6,1028690
2026-05-25 09:43:00+00,NIFTY,2026-05-26,24050,PE,81.6,82.5,79.05,79.9,909025
2026-05-25 09:44:00+00,NIFTY,2026-05-26,24050,PE,79.7,82.3,79.7,80.45,630435
2026-05-25 09:45:00+00,NIFTY,2026-05-26,24050,PE,82.15,85.1,81.65,85.1,1249885
2026-05-25 09:46:00+00,NIFTY,2026-05-26,24050,PE,84.05,84.95,83.55,84.05,525980
2026-05-25 09:42:00+00,BANKNIFTY,2026-05-26,55300,CE,271.45,282.3,271.2,279.8,104730
2026-05-25 09:43:00+00,BANKNIFTY,2026-05-26,55300,CE,282.9,302.65,278.95,288.05,174600
2026-05-25 09:44:00+00,BANKNIFTY,2026-05-26,55300,CE,295,296.4,287.1,294,100380
2026-05-25 09:45:00+00,BANKNIFTY,2026-05-26,55300,CE,294.3,296,276.1,278.45,108300
2026-05-25 09:46:00+00,BANKNIFTY,2026-05-26,55300,CE,281.8,290.7,281.8,286.15,56070
2026-05-25 09:42:00+00,BANKNIFTY,2026-05-26,55300,PE,218.85,219.45,212.2,212.8,54480
2026-05-25 09:43:00+00,BANKNIFTY,2026-05-26,55300,PE,211.05,211.05,190.1,201.55,96540
2026-05-25 09:44:00+00,BANKNIFTY,2026-05-26,55300,PE,199.1,207.7,198,204.15,67440
2026-05-25 09:45:00+00,BANKNIFTY,2026-05-26,55300,PE,203.8,211.85,198.85,211.05,61740
2026-05-25 09:46:00+00,BANKNIFTY,2026-05-26,55300,PE,209.05,209.05,202,204.45,46980
2026-05-25 09:47:00+00,NIFTY,2026-05-26,24000,CE,109.35,109.7,105.55,108.35,1661140
2026-05-25 09:48:00+00,NIFTY,2026-05-26,24000,CE,107,110.9,107,110.1,863655
2026-05-25 09:49:00+00,NIFTY,2026-05-26,24000,CE,109.7,110,107.25,107.95,693810
2026-05-25 09:50:00+00,NIFTY,2026-05-26,24000,CE,108.2,111,107.05,109.3,950495
2026-05-25 09:51:00+00,NIFTY,2026-05-26,24000,CE,108.7,111,108,110.3,774930
2026-05-25 09:47:00+00,NIFTY,2026-05-26,24000,PE,62.4,63.8,62,62.9,1715870
2026-05-25 09:48:00+00,NIFTY,2026-05-26,24000,PE,63.25,63.6,61.25,62.45,1157845
2026-05-25 09:49:00+00,NIFTY,2026-05-26,24000,PE,62.4,63.25,61.95,63.15,967915
2026-05-25 09:50:00+00,NIFTY,2026-05-26,24000,PE,63.4,63.6,61.3,62.7,1653665
2026-05-25 09:51:00+00,NIFTY,2026-05-26,24000,PE,63.05,63.1,61.35,61.85,963430
2026-05-25 09:47:00+00,BANKNIFTY,2026-05-26,55300,CE,285.45,286.8,280.9,285,49620
2026-05-25 09:48:00+00,BANKNIFTY,2026-05-26,55300,CE,284.1,288.6,282.2,286.35,33300
2026-05-25 09:49:00+00,BANKNIFTY,2026-05-26,55300,CE,286.9,289,280.85,287.85,39360
2026-05-25 09:50:00+00,BANKNIFTY,2026-05-26,55300,CE,287.8,310.2,287.75,302,111450
2026-05-25 09:51:00+00,BANKNIFTY,2026-05-26,55300,CE,303.95,307,296.2,306.7,100470
2026-05-25 09:47:00+00,BANKNIFTY,2026-05-26,55300,PE,205.3,208.7,202.65,206.35,35970
2026-05-25 09:48:00+00,BANKNIFTY,2026-05-26,55300,PE,206.25,207,202.3,204.55,27240
2026-05-25 09:49:00+00,BANKNIFTY,2026-05-26,55300,PE,203.5,205.85,196.9,197.35,44790
2026-05-25 09:50:00+00,BANKNIFTY,2026-05-26,55300,PE,197.4,197.65,185.1,193.3,88470
2026-05-25 09:51:00+00,BANKNIFTY,2026-05-26,55300,PE,193.6,195.1,181,181.6,60450
2026-05-25 09:52:00+00,NIFTY,2026-05-26,24050,CE,82.6,89.1,82.6,87.4,1672645
2026-05-25 09:53:00+00,NIFTY,2026-05-26,24050,CE,87.2,90.8,87.2,89.7,1250210
2026-05-25 09:54:00+00,NIFTY,2026-05-26,24050,CE,90.1,92.85,88.2,92.1,1172470
2026-05-25 09:55:00+00,NIFTY,2026-05-26,24050,CE,92.4,93.15,90.05,92.6,1050010
2026-05-25 09:56:00+00,NIFTY,2026-05-26,24050,CE,92,105.2,92,103.55,1632410
2026-05-25 09:52:00+00,NIFTY,2026-05-26,24050,PE,83.35,83.35,72.4,77.15,1619020
2026-05-25 09:53:00+00,NIFTY,2026-05-26,24050,PE,76.1,76.55,74.1,75.05,819975
2026-05-25 09:54:00+00,NIFTY,2026-05-26,24050,PE,74.55,75.65,70.75,72.4,718315
2026-05-25 09:55:00+00,NIFTY,2026-05-26,24050,PE,73.3,73.75,71.45,72,710970
2026-05-25 09:56:00+00,NIFTY,2026-05-26,24050,PE,72.6,72.6,61.15,63.65,1281410
2026-05-25 09:52:00+00,BANKNIFTY,2026-05-26,55400,CE,251.5,255,249.35,254.75,98280
2026-05-25 09:53:00+00,BANKNIFTY,2026-05-26,55400,CE,255,262.95,252.5,261.9,35730
2026-05-25 09:54:00+00,BANKNIFTY,2026-05-26,55400,CE,261.7,261.7,255,260,44970
2026-05-25 09:55:00+00,BANKNIFTY,2026-05-26,55400,CE,259.1,320,259.1,313.1,157380
2026-05-25 09:56:00+00,BANKNIFTY,2026-05-26,55400,CE,307.3,369.1,307.05,353,168960
2026-05-25 09:52:00+00,BANKNIFTY,2026-05-26,55400,PE,229.7,236.15,223.2,231.5,38430
2026-05-25 09:53:00+00,BANKNIFTY,2026-05-26,55400,PE,231,231.55,224.6,227.55,17940
2026-05-25 09:54:00+00,BANKNIFTY,2026-05-26,55400,PE,228.25,233.6,226.1,226.1,16020
2026-05-25 09:55:00+00,BANKNIFTY,2026-05-26,55400,PE,226.6,228.55,186.5,188.25,69540
2026-05-25 09:56:00+00,BANKNIFTY,2026-05-26,55400,PE,195.5,197,170,175.9,133350
